,city021_001,city021_002,city021_003,city021_004,city021_005,city021_006,city021_007,city021_008,city021_009,city021_010,city021_011,city021_012,city021_013,city021_014,city021_015,city021_016,city021_017,city021_018,city021_019,city021_020,city021_021,city021_022,city021_023,city021_024,city021_025,city021_026,city021_027,city021_028,city021_029,city021_030,city021_031,city021_032,city021_033,city021_034,city021_035,city021_036,city021_037,city021_038,city021_039,city021_040,city021_041,city021_042,city021_043,city021_044,city021_045,city021_046,city021_047,city021_048,city021_049,city021_050,city021_051,city021_052,city021_053,city021_054,city021_055,city021_056,city021_057,city021_058,city021_059,city021_060,city021_061,city021_062,city021_063,city021_064,city021_065,city021_066,city021_067,city021_068,city021_069,city021_070,city021_071,city021_072,city021_073,city021_074,city021_075,city021_076,city021_077,city021_078,city021_079,city021_080,city021_081,city021_082,city021_083,city021_084,city021_085,city021_086,city021_087,city021_088,city021_089,city021_090,city021_091,city021_092,city021_093,city021_094,city021_095,city021_096,city021_097,city021_098,city021_099,city021_100
city022_001,0.631379,1.06772,1.043124,1.089413,0.923881,1.023895,1.187546,1.059396,1.074661,1.088617,1.010329,1.092984,1.080251,1.010674,1.171037,1.04854,1.142656,1.412502,0.996711,1.102804,0.992862,1.099743,1.011635,1.207932,1.007344,0.834913,1.202814,1.065135,1.120288,1.146371,0.993085,1.120576,1.132499,1.170955,1.036888,0.943348,1.404696,1.12878,0.863199,1.362895,1.110293,0.974565,1.019427,0.956999,0.96506,1.107606,1.087867,1.111125,0.972136,1.075075,1.124377,1.149758,1.088441,1.173705,0.930655,0.986325,0.99713,1.022168,1.14665,1.105432,0.896352,1.100614,0.829342,1.082094,0.946245,1.079177,1.004093,1.16503,1.376312,1.106059,1.116484,1.103537,1.126895,0.986931,1.022211,0.964941,1.136653,1.109819,1.083658,0.881978,1.141633,1.167381,1.054514,1.139189,1.104484,0.976127,1.093049,1.009373,0.915123,1.183339,1.074584,1.094829,1.205103,0.969404,1.076614,1.153539,1.062841,0.846054,1.125666,1.057515
city022_002,1.133992,0.695677,1.013035,1.023644,1.111018,1.027572,1.127015,1.156751,1.006763,1.470204,1.112625,1.215673,1.081638,1.03039,1.232821,1.055784,1.09843,1.165555,1.088155,1.091684,1.07394,1.248696,0.873611,1.119166,1.123225,1.142219,1.09811,1.118214,1.038369,1.130207,1.247697,1.073721,1.089917,0.989141,1.166557,0.918318,1.101465,1.075936,1.150318,1.323866,1.241409,1.062368,1.14458,1.168481,1.245265,1.044639,1.083851,1.029735,1.191981,1.000085,0.995378,1.320561,1.087862,1.273023,1.160127,1.002661,1.158085,1.119855,1.028984,1.02214,0.927279,1.066442,1.017739,0.958559,0.981926,0.92739,1.113862,1.247079,1.153302,1.224969,1.244297,1.194185,1.148654,1.004041,0.936946,1.074718,1.254601,1.097245,1.187399,1.083532,1.010517,0.944542,1.085773,1.085655,1.102676,1.056642,1.073348,1.052154,0.988128,0.95725,1.076626,1.119835,1.161697,0.993887,1.088381,0.809667,1.064721,1.062345,1.066045,1.087156
city022_003,1.065524,0.926561,0.586756,0.907841,1.074374,0.923013,1.22361,1.148166,0.888461,1.223377,1.009708,0.995456,0.874283,0.979567,1.110584,1.000449,1.067842,1.319744,0.95554,1.011982,0.90596,1.147807,0.909276,0.893077,0.99308,1.121836,0.95161,1.204009,0.917656,0.902217,1.132903,1.072092,0.977092,0.832497,1.16872,1.024182,1.142212,0.990385,1.198848,1.33171,1.110374,0.965163,1.157728,1.080598,1.0433,0.975025,0.904033,0.99301,1.003702,0.990331,1.033595,1.281257,1.144438,1.13488,0.985747,0.974894,1.132576,1.064447,1.03567,0.879749,0.990236,0.972085,1.042398,0.986457,1.000576,1.057465,1.028451,1.191952,1.264342,1.144947,1.271387,1.084711,1.075339,0.969717,1.046368,1.047294,1.218854,1.03802,1.075849,1.089862,1.016401,0.854005,1.073761,1.098759,1.100579,1.072487,1.070106,1.046962,0.982149,0.98721,0.915715,1.094786,1.135374,1.091423,1.026042,0.97418,0.987724,1.068758,1.011468,0.969874
city022_004,1.002698,0.960159,0.931789,0.538449,1.170242,1.023758,1.227004,1.116592,0.805371,1.144038,0.982093,0.715559,0.935021,1.105418,0.908758,0.938189,0.782581,1.502674,1.137553,0.979468,0.960409,1.055624,0.995227,0.77246,0.73893,1.14586,0.825721,1.27916,0.800278,1.038841,1.145844,0.896327,1.116243,1.03725,0.905663,1.022449,0.997184,0.857171,1.099578,1.601168,1.156045,1.068442,1.244326,0.907238,1.016581,0.769248,0.882448,0.961396,0.876697,1.041001,0.821578,1.428354,1.312935,1.016539,1.016412,0.986347,1.06508,1.091518,1.102067,1.016024,0.930542,1.024761,1.053938,0.981565,1.018957,1.013359,0.840421,1.01877,1.295905,1.014756,1.339891,1.211173,0.86327,1.075424,1.036281,0.990428,1.274831,1.035229,1.016843,1.018195,0.828374,1.016027,0.880124,1.035319,1.007095,1.09103,1.001488,1.051879,1.093219,0.809403,0.682986,1.199768,1.224511,1.116248,1.011849,0.8832,1.057287,1.093781,0.880862,1.082507
city022_005,0.961173,1.151217,1.092612,1.233899,0.573054,1.026245,0.979274,1.120279,1.083968,1.080837,1.006123,1.232157,1.127276,0.956273,1.143771,1.311124,1.136014,1.182601,0.929754,1.201586,1.138016,1.136569,1.171304,1.189096,1.205308,0.959735,1.072669,0.939056,1.086097,1.102911,1.091743,1.143769,1.099367,1.115643,1.143315,0.93329,1.232694,1.098022,0.991975,1.121631,1.050295,1.053415,0.934944,1.106727,1.01689,1.046319,1.118891,1.054609,0.998831,1.097229,1.14675,1.121522,0.978189,1.077402,1.099162,1.007521,0.967182,1.145992,0.976991,1.113581,0.956894,1.204745,0.987499,1.06829,0.852869,1.166815,1.238147,1.078603,1.147397,1.081964,1.03192,1.050179,1.106029,1.035594,1.063954,0.985589,1.035975,1.029426,1.025205,1.050895,1.097503,1.219595,1.161361,1.08152,1.168968,0.975057,1.082305,1.116938,0.890198,1.098916,1.151653,0.975942,1.036998,0.902596,1.147693,1.057262,1.016401,1.037022,1.178633,1.177206
city022_006,1.088442,0.987715,0.959099,1.096472,0.944953,0.552842,1.176284,1.112637,1.096997,1.04475,0.969758,1.194602,1.002097,1.05272,1.178628,1.087696,1.205009,1.215468,1.007666,1.054521,0.981826,1.207823,0.989426,1.043715,1.178059,0.959379,1.056188,1.145072,1.014356,0.978497,1.112287,1.109307,1.03022,0.878664,1.134114,1.026276,1.261615,1.168793,1.122182,1.220203,1.023522,1.161487,1.012013,1.154491,1.007022,1.083998,1.072735,1.079417,1.040679,0.964432,1.10997,1.234353,1.112775,1.201683,1.053367,0.986515,1.056675,1.010115,1.131505,0.985252,1.000966,1.072865,0.825087,0.933705,0.857515,0.998558,1.16651,1.291822,1.258344,1.165353,1.030438,1.133315,1.160713,0.960363,1.177368,1.050147,1.096592,1.137197,0.977247,1.039967,1.139699,0.949897,1.135443,1.057133,1.230838,1.154956,1.212575,1.156052,1.074036,1.065002,1.093281,1.029899,1.277257,1.081486,1.203267,0.990061,0.987056,0.974288,1.091734,1.000995
city022_007,1.187326,1.191668,1.233837,1.264042,1.025372,1.214211,0.527793,1.007283,1.164469,1.11272,1.153239,1.149679,1.248614,0.962847,1.221001,1.412036,1.117165,0.869025,1.1156,1.264158,1.338116,1.008449,1.277304,1.331082,1.338878,1.184649,1.158114,1.079616,1.177933,1.275073,0.965223,1.198528,1.183669,1.184043,1.32394,1.109995,1.229948,1.185857,1.30193,0.885234,1.009593,1.123237,1.004587,1.327267,0.915231,1.295229,1.331976,1.024141,1.343054,1.160752,1.06813,0.964472,0.866762,1.24444,1.271003,1.010615,0.930949,1.333034,1.059274,1.229342,1.105914,1.321035,1.17295,1.101403,1.087976,1.276285,1.336715,1.22829,1.071409,0.837887,0.786336,0.87236,1.043488,1.090888,1.006297,1.056859,1.011265,1.184048,0.923086,1.130655,1.205346,1.193929,1.254755,1.130129,1.252371,1.192866,0.944603,1.140768,1.0425,1.26038,1.154962,0.822955,0.807891,0.992315,1.195308,1.159841,0.971874,1.213432,1.249631,1.280379
city022_008,1.123611,1.235182,1.188617,1.330866,1.101984,1.089608,0.957085,0.61403,1.243343,1.169714,1.159067,1.273968,1.36631,1.034838,1.276659,1.415538,1.377688,0.976081,1.077242,1.295615,1.225383,0.857106,1.283135,1.286607,1.265844,1.122171,1.151617,0.990842,1.207493,1.191339,0.820923,0.947641,1.05645,1.151231,1.276287,1.072661,1.246246,1.172703,1.168625,0.862781,1.043415,1.152391,1.045146,1.258834,1.013698,1.197649,1.327381,1.018029,1.277692,1.110559,1.27699,0.842051,0.894938,1.229439,1.173559,1.103709,1.119743,1.278127,1.065975,1.175517,1.043702,1.291807,1.099042,1.089033,1.043636,1.23631,1.304865,1.145914,1.108041,0.854756,0.988366,0.927016,1.364042,1.093018,1.235527,1.218404,0.954735,1.1545,1.043844,1.072513,1.371741,1.249146,1.071212,1.085338,1.247212,1.185319,0.916424,1.241383,1.162708,1.345935,1.225456,0.953532,1.009326,1.045436,1.145622,1.117846,1.157858,1.106401,1.287855,1.211318
city022_009,1.118465,0.954513,0.841038,0.819261,1.042398,1.007695,1.140117,1.199595,0.520627,1.265194,0.93603,0.811052,1.054923,0.960371,1.043994,1.068566,0.94576,1.271561,0.994797,1.067447,0.997199,1.147394,0.911093,0.772954,0.899074,1.087245,0.923508,1.096086,0.75992,1.034805,1.191487,0.856779,1.018159,0.968897,1.020208,0.90642,0.875275,0.884113,1.132071,1.293847,1.099794,1.010659,1.099058,0.925281,1.076643,0.86981,0.806808,1.014354,0.905419,0.978894,0.928222,1.358846,1.068997,1.116828,1.086483,0.927669,1.085156,1.09767,1.000971,0.977911,0.894864,1.104513,0.965428,0.967266,0.86866,0.946553,0.979498,0.995389,1.077958,1.130757,1.222137,0.99405,0.877256,0.963099,0.995676,0.993331,1.141124,1.013584,1.135612,0.964745,0.897118,0.955032,1.019393,1.04544,1.082241,1.042885,1.122155,1.083108,0.999508,0.900262,0.851684,1.126651,1.189463,0.994025,1.0111,0.964017,1.039156,1.073768,0.847329,1.071374
city022_010,1.02734,1.396739,1.169895,1.218699,1.068063,0.975468,1.072573,1.111484,1.278943,0.499529,1.076967,1.205826,1.230172,1.017514,1.31805,1.260558,1.405302,1.198518,1.035558,1.239662,1.175067,0.986081,1.208266,1.295574,1.135102,1.05705,1.266841,1.155277,1.238783,1.123047,0.945078,1.313035,1.357169,1.22289,1.223429,1.238701,1.614912,1.376185,1.210244,1.068157,0.830396,1.103283,0.943201,1.159447,0.822785,1.326473,1.256137,1.02009,1.056646,1.280002,1.357047,1.11837,1.06707,1.316527,1.049651,1.147564,0.878062,1.243266,1.262314,1.247137,1.174117,1.226613,1.018631,1.181385,1.163264,1.284671,1.14883,1.483801,1.433639,0.922607,0.866378,1.047142,1.202712,1.172414,1.309277,1.176947,1.009331,1.187602,0.770667,1.043042,1.354412,1.273559,1.249102,1.26342,1.18816,1.241089,1.075629,1.147806,1.104579,1.392292,1.189628,0.901748,1.139959,1.167311,1.198681,1.340277,1.056343,1.1866,1.456666,1.32594
city022_011,1.041138,1.049526,0.961803,1.009776,0.962643,0.949165,1.144201,1.11192,0.944053,1.092056,0.559024,0.987079,1.040154,0.840457,0.920352,1.104356,1.048597,1.273595,0.8792,1.041467,1.010552,1.11147,1.082195,0.931002,1.024784,1.000727,0.861416,1.044596,0.915629,0.906478,1.092588,0.984484,0.988094,0.908243,1.024646,1.02147,1.067978,0.884855,1.059575,1.177573,1.136723,1.041659,1.032847,0.97672,1.061128,0.93714,0.919001,0.955318,0.904906,0.96566,1.015768,1.219509,1.050535,0.948233,0.954478,0.900335,1.086424,1.033713,1.031976,0.938207,1.015324,1.072256,0.979984,1.032663,1.01563,1.100201,1.03543,0.981834,1.118924,1.142837,1.131135,1.068425,1.00509,0.952868,1.171489,1.047435,1.216456,0.918769,1.062883,0.980123,0.97409,1.08239,1.055007,0.936955,1.148325,1.123148,1.136522,1.151346,0.96232,1.020923,1.053395,1.088976,1.118355,1.00794,1.020487,1.097225,1.063923,1.024076,1.020864,1.026317
city022_012,1.046617,1.100751,0.920885,0.744644,1.224444,1.176818,1.214154,1.220862,0.893829,1.242456,1.006292,0.479202,0.902491,1.216593,0.914439,0.90509,0.819506,1.584908,1.208073,1.054436,0.922513,1.209998,0.983914,0.829189,0.832877,1.212473,0.96292,1.44688,0.907216,1.009509,1.254597,1.002388,1.180438,1.148286,0.975126,1.202372,0.947038,0.90943,1.135301,1.615993,1.20045,1.128392,1.368329,0.98237,1.037314,0.789704,0.947715,1.070999,0.98805,1.084249,0.85297,1.57855,1.419579,1.104526,1.058176,1.123345,1.193939,1.095466,1.182838,1.026892,1.156591,1.095532,1.159524,1.132432,1.107371,1.162196,0.906409,0.966182,1.363693,1.150606,1.285082,1.264059,0.81428,1.006068,1.022433,0.982049,1.427929,1.116407,1.065918,1.03257,0.863116,1.067926,1.016359,1.127613,1.094643,1.253204,1.169178,1.153418,1.1149,0.970178,0.85422,1.227729,1.320949,1.218611,1.186312,1.171939,1.156584,1.157766,0.957131,1.188055
city022_013,1.02833,1.030173,0.81973,0.951504,1.130896,0.952574,1.222795,1.23891,1.069463,1.211976,0.972717,0.859868,0.559344,1.084908,1.082118,0.827014,1.078078,1.453846,1.113233,1.035129,0.897513,1.209758,0.950096,1.071879,0.973122,1.146765,1.151589,1.333187,1.042976,0.978962,1.196274,1.140398,1.053826,1.03343,1.107206,1.118553,1.257426,1.076677,1.207862,1.514242,1.152569,1.074127,1.125844,1.062761,1.04066,0.962678,0.971621,1.094781,1.035871,1.083247,1.03531,1.429599,1.244609,1.161245,1.037843,1.087738,1.131114,1.039133,1.238203,0.949338,1.043182,1.013557,1.117838,1.056809,1.096356,0.995253,0.979298,1.181947,1.500589,1.224419,1.267674,1.134158,1.011043,0.968003,1.11131,1.007671,1.293667,1.147706,1.117249,1.120224,1.00952,0.908817,1.139581,1.227181,1.146799,1.134468,1.1941,1.133644,1.099811,1.139703,1.012188,1.198145,1.30052,1.155887,1.202939,1.100383,1.056551,1.139637,1.142227,1.094914
city022_014,1.065816,1.089985,0.976305,1.112247,0.984988,1.073937,1.023479,1.057585,0.999385,1.166574,0.862789,1.125931,1.063282,0.572299,1.104768,1.291082,1.085481,1.107745,0.669743,1.176031,1.203294,1.063171,1.130579,1.048865,1.175371,0.91178,0.996024,0.926252,0.999336,0.943886,1.105105,1.116772,1.092744,0.933182,1.252802,0.90378,1.126723,1.107178,1.11873,1.072368,1.081913,0.917503,1.054322,1.158326,1.124992,1.024289,1.063773,0.990832,1.154361,1.026496,1.040996,1.122881,0.924759,1.118044,1.038604,0.841043,1.128768,1.194598,0.923486,1.025111,0.942086,1.218339,0.977926,1.05998,0.944679,1.09909,1.252425,1.132234,0.976048,1.099411,1.069184,0.81618,1.072363,0.917819,0.884149,0.985829,1.130168,0.913874,1.026527,1.01095,0.985905,1.067343,1.082262,1.026338,1.206783,0.981534,0.992742,1.056892,0.893318,1.047684,1.097404,0.950397,0.997738,0.936979,1.031983,0.983326,0.990728,1.047817,1.061559,1.13621
city022_015,1.134507,1.162165,1.100902,1.035323,1.087476,1.154267,1.203138,1.277702,1.079056,1.351397,0.918354,0.901315,1.103481,1.084467,0.578141,1.202545,0.906497,1.298769,1.183341,1.060151,1.205188,1.22345,1.2392,1.05422,1.037595,1.032538,0.883052,1.094712,0.994968,0.993269,1.182021,0.934845,0.954576,1.107229,1.052895,1.160274,0.999928,0.870093,1.147456,1.305715,1.351682,1.251068,1.32156,0.926841,1.255118,0.980451,1.150349,1.092007,1.045081,1.085377,0.888069,1.252373,1.228563,0.64042,1.174088,1.088712,1.231923,1.057498,1.150458,1.037149,1.192359,1.084393,1.210729,1.216607,1.120486,1.210316,1.104305,0.79794,1.158543,1.128068,1.2835,1.260807,1.003955,1.118415,1.159652,1.113594,1.367694,1.088959,1.136244,1.140457,0.979346,1.234263,1.126375,1.036062,1.172102,1.204006,1.20505,1.284545,1.087347,1.046449,0.967407,1.198142,1.325909,1.137791,1.167725,1.14088,1.228123,1.185594,1.029476,1.166318
city022_016,1.029579,1.003938,0.960603,0.970821,1.25556,1.010646,1.359529,1.255295,1.124117,1.221704,1.158129,0.904535,0.808686,1.293703,1.204013,0.546919,1.153814,1.659136,1.328703,0.927637,0.686064,1.206421,0.939586,1.081511,0.860008,1.126912,1.152655,1.37256,1.093465,0.973742,1.219973,1.088974,1.085,1.096768,0.951774,1.138619,1.266274,1.146715,1.156452,1.719625,1.292343,1.264357,1.097917,1.019209,1.014661,1.045461,1.145227,1.132437,1.026463,0.972273,1.041615,1.608986,1.444332,1.263343,0.949015,1.181683,1.145872,0.886687,1.381657,0.997813,1.067658,0.902008,1.023124,1.107164,1.254901,0.866873,0.991042,1.114398,1.553154,1.207179,1.381901,1.328247,1.0773,1.026851,1.325466,1.136508,1.28203,1.312036,1.193009,0.952226,1.107751,0.898586,1.05461,1.240938,1.069015,1.204163,1.177376,1.135985,1.146252,1.154119,1.020435,1.331764,1.375054,1.202859,1.163799,0.958278,1.144227,1.040876,1.188199,0.85078
city022_017,1.136297,0.996056,1.040075,0.905084,1.093047,1.218328,1.075245,1.241469,0.994944,1.436587,1.023273,0.806157,1.060632,1.1075,0.814254,1.118268,0.532223,1.130538,1.186252,1.126881,1.147578,1.190548,1.035615,0.999181,0.914402,1.21344,0.89047,1.192182,0.918196,1.270022,1.287358,1.049484,1.077704,1.166557,1.016718,1.047061,0.899207,0.886646,1.280282,1.26107,1.349605,1.183764,1.272617,0.982815,1.210687,0.923634,1.079204,1.048782,1.046911,1.150359,0.776027,1.248004,1.322063,1.007597,1.183791,1.095995,1.125585,1.197015,1.134394,1.222724,1.089703,1.185938,1.118781,1.042757,1.066248,1.176537,0.976769,0.922982,1.209515,1.178674,1.252305,1.236935,0.89789,1.016172,0.853952,0.953079,1.359364,1.071221,1.101034,1.108515,0.812289,1.064187,1.081945,1.169941,1.072482,1.184009,1.069737,1.080829,1.027003,0.843319,0.817145,1.19999,1.185509,1.034739,1.157781,0.988328,1.060141,1.146248,0.883901,1.140607
city022_018,1.530053,1.299001,1.504986,1.687617,1.219132,1.158383,0.926964,1.061825,1.380941,1.182545,1.367394,1.600166,1.38906,1.074507,1.354412,1.734997,1.301772,0.531677,1.159795,1.443812,1.596173,1.201774,1.591832,1.397694,1.648401,1.313939,1.172964,1.248474,1.37314,1.534311,1.190767,1.447077,1.331325,1.255464,1.611695,1.243918,1.323627,1.331122,1.495962,0.821976,1.118768,1.387209,1.08611,1.485795,1.283696,1.253363,1.462807,1.163944,1.567491,1.381929,1.361872,0.931332,1.038226,1.529588,1.454705,1.414822,1.257522,1.617614,1.081103,1.506371,1.302826,1.709731,1.139261,1.204767,1.064941,1.37844,1.771114,1.417282,1.166825,1.191395,0.847564,0.995489,1.495637,1.177415,1.228294,1.476644,1.01452,1.322124,1.079922,1.271854,1.366217,1.385011,1.373215,1.226218,1.635985,1.392358,1.115738,1.58439,1.26501,1.243415,1.463593,0.947873,1.029184,1.332634,1.490653,1.203896,1.202176,1.205612,1.241188,1.290853
city022_019,1.097254,1.133516,1.029882,1.254456,0.996324,0.972223,1.080421,1.010855,1.029521,1.064992,0.96402,1.261189,1.15298,0.734598,1.261959,1.394565,1.170307,1.094207,0.545168,1.234562,1.226687,1.107028,1.150327,1.062206,1.242989,1.031749,1.042767,0.897652,1.061215,1.044504,1.09174,1.231883,1.227632,0.983496,1.323519,0.98582,1.241237,1.198878,1.190752,1.077653,1.075288,0.923986,1.027244,1.264872,1.094491,1.078474,1.115058,0.964772,1.146669,1.139213,1.154377,1.170858,0.912087,1.285333,1.109323,0.919831,1.088198,1.258945,0.930521,1.071323,0.994629,1.375079,0.951265,0.978898,0.891052,1.199784,1.303813,1.302084,1.047988,1.070982,1.022084,0.855681,1.168527,0.941039,0.941583,1.034996,1.037588,0.973815,0.952411,0.903999,1.04671,1.150291,1.125631,1.044823,1.267454,1.020644,1.014851,1.13215,0.973823,1.083624,1.180549,0.944169,0.994322,1.062738,1.009883,1.001546,0.966392,1.01404,1.088265,1.152176
city022_020,1.073651,0.975669,0.937568,1.014931,1.085334,1.06226,1.222912,1.285329,1.069026,1.258736,1.057091,1.049742,1.032242,1.165822,1.06213,0.917329,1.083457,1.416096,1.193628,0.574618,0.973556,1.214031,0.922413,1.113938,0.969016,1.218922,1.041809,1.031061,1.03256,0.872874,1.239905,1.104564,0.998873,0.998093,1.021192,1.150343,1.241081,0.953562,1.212157,1.494265,1.266484,1.207674,1.015253,1.017783,1.128438,1.118672,1.167897,1.166231,0.951448,0.865582,0.992385,1.479044,1.229891,1.026119,1.022676,1.006632,0.981188,0.855176,1.28001,0.730515,1.049917,0.82118,1.027837,0.995412,1.126064,0.855146,0.986199,1.072231,1.321402,1.185541,1.308685,1.291211,1.003392,0.933405,1.198977,0.964462,1.25644,1.215324,1.173011,1.150284,1.038454,0.900555,1.169569,1.176509,1.021335,1.26381,1.219293,1.005145,1.1888,1.095417,1.04827,1.336937,1.313397,1.054853,1.212336,0.991631,1.100343,0.99698,1.084576,0.792781
city022_021,0.98249,0.954865,0.85552,1.002647,1.095852,0.919704,1.34499,1.199248,0.979338,1.185358,0.966576,0.902035,0.8554,1.142103,1.195767,0.700689,1.115928,1.523461,1.144053,0.957044,0.55214,1.160017,0.897215,1.011241,0.851384,1.085879,1.083811,1.274002,1.024111,0.971568,1.076241,1.054185,0.936531,1.031694,0.970826,1.088575,1.267147,1.064591,1.102984,1.541336,1.213165,1.152815,1.073211,1.009574,0.999309,0.935543,0.991407,1.092548,0.889807,0.960603,1.022993,1.46526,1.225943,1.229296,0.908124,1.059749,1.090457,0.867274,1.296383,0.986139,0.985477,0.924594,1.042362,1.075902,1.156097,0.937057,0.990715,1.084838,1.527901,1.178478,1.225838,1.256293,1.035263,0.976379,1.220804,1.124667,1.203437,1.219584,1.188865,0.896791,1.091515,0.927993,0.943128,1.196118,1.052815,1.114937,1.090774,1.093987,1.098309,1.09298,0.998979,1.257987,1.298432,1.108582,1.110874,0.931676,1.120559,1.043741,1.136964,0.883957
city022_022,1.133565,1.23836,1.176327,1.189593,1.111812,1.186256,1.00019,0.877803,1.184881,0.984535,1.134336,1.151148,1.258928,1.021661,1.217204,1.248179,1.220519,1.086706,1.1036,1.233754,1.143364,0.573008,1.173327,1.18377,1.098632,1.073254,1.155248,1.034384,1.13901,1.144062,0.796026,1.022978,1.096809,1.157903,1.166749,1.13802,1.313412,1.193309,1.081245,0.903516,0.950747,1.146588,0.944691,1.210337,0.915957,1.111399,1.193231,0.956346,1.153509,1.151173,1.175333,0.891204,0.893066,1.158679,1.170079,1.120098,0.9205,1.240024,1.177413,1.25828,1.155929,1.191158,1.175741,1.048423,1.159782,1.175538,1.14995,1.217918,1.257777,0.734126,0.95311,0.916676,1.188453,1.15321,1.212275,1.129815,0.954473,1.171303,0.943961,1.104222,1.310284,1.171999,1.132749,1.18674,1.109938,1.173674,0.868654,1.121782,1.071341,1.182657,1.116311,0.998405,0.909221,1.023479,1.159157,1.234968,1.056339,1.211303,1.246289,1.285475
city022_023,1.013008,0.804238,0.919447,0.999365,1.102352,0.9349,1.256916,1.195032,0.972237,1.270983,1.050954,0.957239,0.975866,1.129194,1.217328,0.953984,1.060613,1.517047,1.132819,0.970462,0.907511,1.081445,0.578607,0.948937,0.932672,1.024467,1.103332,1.153065,0.99176,0.96665,1.094318,1.03102,1.035355,0.951138,0.985758,1.050099,1.187762,1.064673,1.012782,1.456123,1.07538,0.998819,1.03697,1.043896,1.003005,0.981638,0.932492,1.074954,1.062457,0.931888,0.975011,1.322283,1.109233,1.174012,0.974285,0.981388,1.07234,0.878535,1.174317,0.910892,0.926269,0.956778,0.95801,0.969581,0.98399,0.913637,0.9864,1.189708,1.375856,1.156194,1.253026,1.225266,1.025254,0.944164,0.98112,0.955879,1.229277,1.115532,1.117349,1.02281,1.057299,0.942876,1.06673,1.13612,0.978927,1.058039,1.061771,0.904521,0.987547,0.966823,1.00297,1.225489,1.21851,0.968684,1.050473,0.901392,0.988314,0.980934,1.070944,0.965257
city022_024,1.211413,1.031998,0.865151,0.794938,1.124212,0.986257,1.206661,1.202901,0.807094,1.283166,0.968947,0.797141,1.107823,0.994063,1.01442,1.103399,0.914313,1.220739,0.969514,1.124359,0.973934,1.146346,0.935798,0.540417,0.855292,1.167644,0.747108,1.153497,0.720381,1.021995,1.271886,0.906562,1.080809,0.867817,1.011256,1.120602,0.90193,0.888677,1.276019,1.176378,1.083097,1.012953,1.155762,1.038619,1.106564,0.785665,0.787145,0.938452,0.963159,0.987906,0.864024,1.278173,1.040474,1.043517,1.100356,0.945812,1.19301,1.159304,1.072756,0.968226,1.050688,1.106357,1.057106,0.976509,0.947605,1.225289,0.998136,1.183634,1.250584,1.187179,1.152365,1.122342,0.968299,1.011271,1.045217,1.094801,1.232568,1.04466,1.048347,1.104243,0.928044,1.052809,1.057134,1.025388,1.041999,1.168961,1.071467,1.029157,1.073923,0.798349,0.737547,1.068111,1.213405,1.130877,1.084156,1.062907,0.975893,1.208695,0.852776,1.155316
city022_025,1.002361,1.031166,0.946461,0.777684,1.176726,1.145364,1.376821,1.211165,0.955834,1.153694,1.015628,0.866957,1.06052,1.234516,1.004536,0.844893,0.949314,1.587243,1.227439,0.971359,0.863954,1.102404,0.912818,0.874432,0.511428,1.087103,0.989026,1.205651,0.875955,1.029865,1.164797,0.90393,1.119169,1.096061,0.834183,1.126735,1.122694,0.865281,1.062691,1.588382,1.179849,1.16811,1.105979,0.754642,1.077844,0.827909,0.886486,1.034875,0.791158,0.96593,0.861717,1.473354,1.238084,0.991674,0.877102,1.023253,1.041735,0.947274,1.273384,1.026,1.006065,0.946176,0.990199,1.101903,1.10579,1.005941,0.830157,0.971626,1.534574,1.117643,1.32594,1.359184,0.969741,1.064718,1.168929,1.073482,1.241422,1.172877,1.088486,0.972004,1.017995,1.022454,0.937667,1.172076,0.952507,1.155075,1.042405,0.964727,1.139929,0.871917,0.782431,1.323714,1.35371,1.005177,1.109224,1.02201,1.119354,0.981259,1.041451,0.943335
city022_026,0.839529,1.002097,1.04069,1.088974,0.916534,0.907739,1.163102,1.047615,1.034048,1.135805,0.972823,1.122124,1.139459,0.869305,1.095627,1.129562,1.217461,1.24516,0.943356,1.129438,1.052307,1.068616,1.016301,1.177639,1.073643,0.580433,1.119688,0.88669,1.044094,1.031802,0.996904,0.985092,0.975029,1.028274,1.042373,0.767884,1.224376,1.094667,0.808533,1.220256,1.107903,0.932992,1.011916,0.937371,1.006678,1.095475,1.086996,1.023755,1.069578,0.982594,1.125372,1.116679,0.968162,1.066325,0.960558,0.962822,1.077954,1.013773,1.078458,1.039079,0.7227,1.078906,0.732246,0.98638,0.869986,0.941526,1.080064,1.08705,1.047416,0.994197,1.06909,1.068603,1.064483,0.931401,1.003081,0.947118,1.099451,1.008534,1.018717,0.934603,1.10734,1.130431,0.994522,0.957814,1.117062,0.900483,1.01337,0.970861,0.91154,1.114422,1.151556,1.055667,1.188601,0.841004,0.94833,0.97854,1.049871,0.732585,1.08012,0.972933
city022_027,1.242861,1.03363,0.981344,0.954093,1.11688,1.120484,1.158033,1.174562,1.009164,1.435052,0.949269,0.855575,1.185342,1.024256,0.888032,1.137935,0.886006,1.109674,1.012535,1.111379,1.015224,1.215571,1.105281,0.854103,0.997183,1.22381,0.548546,1.179451,0.859675,1.081724,1.321052,0.982799,1.077292,1.033564,1.082365,0.988176,0.958747,0.827798,1.271968,1.123849,1.202619,1.162393,1.163397,1.049766,1.150073,0.823094,1.091837,0.971969,1.119801,1.11655,0.847324,1.190905,1.146233,1.030625,1.163427,1.069166,1.280453,1.207016,0.941568,1.002806,1.098185,1.214124,1.15002,1.037839,1.044578,1.252083,1.162619,1.037025,1.17372,1.221044,1.170226,1.212597,1.083056,1.034955,1.084085,1.130128,1.258935,0.967462,1.037673,1.018756,0.862794,1.014282,0.972499,1.01826,1.15588,1.067257,1.030173,1.09533,0.968955,0.866038,0.788065,1.095186,1.202786,1.068046,0.943992,0.899587,0.999241,1.085044,0.93769,1.016334
city022_028,1.079982,1.0801,1.144,1.252104,0.906036,1.160169,0.958312,0.966985,1.02958,1.26435,1.044443,1.309665,1.260268,0.828533,1.093353,1.384292,1.169829,1.069158,0.882244,1.10168,1.289701,1.003008,1.224678,1.159855,1.285851,0.941737,1.04722,0.600793,1.093495,1.040883,0.941369,1.043887,0.994685,0.968657,1.210671,0.899785,1.057832,1.010888,0.964008,0.983086,1.094829,1.033615,1.048038,1.101617,1.131153,1.087399,1.185268,1.048212,1.246621,0.97398,1.056585,0.94706,0.865055,1.018032,1.091886,0.857321,1.155095,1.019033,0.961867,0.964515,0.835632,1.174197,1.020578,1.059077,0.903626,1.074447,1.298582,1.023102,0.806383,0.969836,1.081841,1.02765,1.203198,1.009151,0.988646,1.056871,1.052164,1.001621,1.164599,1.028142,1.066524,1.201327,1.079391,0.972455,1.166999,0.985399,1.045838,1.102862,0.948208,1.028894,1.125769,1.02918,1.043286,0.911378,1.091253,0.977057,1.036366,0.985873,1.024267,1.08143
city022_029,1.171224,0.977796,0.883387,0.826283,1.08575,1.003255,1.101009,1.173641,0.791187,1.313559,0.940116,0.912495,1.10834,1.013024,0.971685,1.089652,0.917499,1.321399,1.019842,1.099612,0.98296,1.100648,0.985218,0.735907,0.900411,1.064738,0.780699,1.136287,0.488266,1.042698,1.187184,0.709241,1.019251,0.923584,0.9886,1.022285,0.887754,0.8744,1.134725,1.266566,1.144702,1.023582,1.208945,0.992812,1.084988,0.839317,0.870887,0.982464,0.970634,0.926743,0.827435,1.275301,1.104576,0.994263,1.103276,0.953153,1.14971,1.082077,1.026139,1.010322,1.035293,1.063624,1.015768,1.008549,0.988333,1.066969,0.990424,1.036072,1.151489,1.067223,1.249027,1.179826,0.808877,1.014414,1.010351,1.056462,1.233581,0.944496,1.022543,1.086994,0.859607,1.03762,0.981852,1.017453,0.986815,1.041945,0.990281,1.039922,0.989427,0.775333,0.769404,1.093351,1.108248,0.963082,1.023934,0.915586,0.932463,1.100293,0.826777,1.042722
city022_030,1.048921,1.041397,0.82972,1.002475,1.055131,0.987989,1.244061,1.169504,1.03487,1.128659,0.909691,1.006515,1.047963,0.941905,1.075308,0.926975,1.217438,1.46134,0.985582,0.870949,0.91698,1.124542,0.9325,0.97324,0.999995,1.083776,0.917846,1.020533,0.974771,0.519531,1.111826,1.077404,0.97894,0.859588,1.070307,1.179439,1.189927,1.082019,1.189164,1.335761,1.131055,1.040201,1.094126,1.019311,1.016361,0.946548,0.947616,1.084466,0.962626,0.894261,0.897205,1.308574,1.082339,0.998534,1.077258,0.896793,1.119783,0.831711,1.164337,0.714513,1.081097,0.854338,1.081804,1.00413,1.058703,1.044554,1.004667,1.169509,1.264776,1.183416,1.303771,1.197743,1.048297,0.988368,1.168611,1.072552,1.320701,1.063823,1.062769,1.195667,1.035016,0.916706,1.11013,1.027758,1.064497,1.120638,1.095332,1.020586,1.096138,1.018304,0.967421,1.217973,1.176235,1.039972,1.120084,1.040213,1.063171,1.122783,1.058727,0.922146
city022_031,0.971829,1.227606,1.021489,1.2214,1.016096,1.105201,0.950756,0.793983,1.093237,0.948662,1.060111,1.180902,1.297751,0.989871,1.1667,1.302487,1.325127,1.127152,1.040573,1.196698,1.040553,0.757828,1.077252,1.225639,1.134124,0.972766,1.29172,0.922732,1.123013,1.087794,0.412218,1.068468,1.062559,1.143791,1.176223,1.119012,1.257436,1.136108,0.968461,0.829236,0.89712,1.00682,1.002979,1.190436,0.832048,1.223141,1.221486,1.013225,1.155494,1.057215,1.280612,0.721992,0.875689,1.068078,1.105024,1.04458,0.974486,1.059443,1.143927,1.165143,1.023424,1.148375,1.045342,1.20861,1.097687,1.178835,1.193519,1.144082,1.092785,0.764227,0.896485,0.901513,1.250047,1.086232,1.148163,1.072536,1.043837,1.154932,0.989443,1.107569,1.339067,1.121646,1.154266,1.150757,1.133303,1.103353,0.830323,1.053288,1.051379,1.313004,1.131866,0.981524,0.874568,0.941715,1.133212,1.148896,1.038923,1.115142,1.340174,1.243234
city022_032,1.063439,0.996763,0.99586,0.958034,1.070849,1.047757,1.162651,0.918781,0.796037,1.318389,0.923857,0.963403,1.102691,1.034206,0.867043,1.08369,1.037314,1.275782,1.158884,1.035248,1.024859,0.94964,1.005418,0.895411,0.907352,0.963939,1.00111,1.029884,0.691938,1.030058,0.988199,0.453415,0.769562,0.958444,0.875213,1.003499,0.849189,0.90728,0.935594,1.196705,1.263938,1.193424,1.174774,0.858816,1.062165,0.961404,0.929591,1.049326,0.994195,0.930646,0.912273,1.10377,1.060937,0.894641,1.060534,0.954475,1.087388,0.938819,1.157263,1.034914,1.059044,0.928777,1.062376,1.068207,1.057274,0.978078,0.976954,0.889677,1.122136,0.947522,1.203508,1.137734,0.831324,0.988777,1.172283,1.088609,1.186018,1.127933,1.1675,1.061066,1.061445,1.149418,1.027716,1.007763,0.967994,1.095808,1.037475,1.140297,1.134942,0.969838,0.908655,1.202127,1.16663,0.99075,1.117819,0.999142,1.077943,1.013284,0.922469,1.000881
city022_033,1.029808,0.933959,0.826975,0.909733,1.002914,0.967517,1.06593,1.027082,0.906406,1.291488,0.881798,0.981223,0.868659,0.957876,0.839822,0.967707,0.98639,1.251649,1.067885,0.904305,0.895478,1.025224,0.964356,0.983467,1.012224,0.883056,0.958979,1.036389,0.894957,0.877778,1.04655,0.71606,0.430881,0.826579,0.958596,0.956745,1.000801,0.894496,0.967141,1.148206,1.218288,1.080958,1.127329,0.923232,1.053199,0.939767,1.010369,1.095491,1.01281,0.773489,0.903423,1.046596,0.980979,0.825879,0.98195,0.929162,1.112086,0.852571,1.140178,0.822882,0.922868,0.834896,1.061847,0.999174,1.017298,0.815242,1.071975,0.856504,1.113397,1.024477,1.108571,1.049153,0.940755,0.913616,1.087812,1.044596,1.136329,1.000411,1.206926,1.045932,1.016701,0.883337,1.115735,1.102029,0.982975,1.014267,1.068077,1.077295,1.08359,0.976199,0.922725,1.126065,1.214001,0.942155,1.126287,0.938504,1.068192,1.025794,0.97452,0.906256
city022_034,1.2433,0.897821,0.780066,0.980882,1.113879,0.790593,1.082018,1.129566,0.978755,1.223965,0.967583,1.127364,1.062265,0.858805,1.095797,1.075252,1.068922,1.075602,0.909193,0.97677,1.029533,1.168656,0.882516,0.833343,1.136456,1.065809,0.98654,0.989165,0.858546,0.823576,1.116129,0.998112,0.886153,0.373071,1.299891,1.030682,0.913925,1.082919,1.206446,1.018566,1.045095,1.021569,1.086259,1.168857,1.184569,1.026272,1.02725,0.998938,1.16527,0.91809,0.981421,1.108279,0.980767,1.127321,1.12453,0.922566,1.18215,1.063827,1.009193,0.849606,1.076662,1.039384,1.026179,0.968095,0.962438,0.922264,1.160683,1.213791,1.02045,1.171987,1.105161,1.049178,1.0617,0.94546,1.0229,1.083135,1.203811,1.014243,1.032681,1.215714,1.078401,0.795443,1.154141,0.881221,1.11617,1.121699,1.149714,1.007129,1.080296,0.90736,0.93461,1.036818,1.084929,1.089445,1.048526,0.890507,0.900793,1.080191,0.977994,0.918754
city022_035,1.014045,0.995761,1.02553,0.859266,1.040068,1.104868,1.26047,1.156922,0.981533,1.190834,0.990476,0.92575,1.089472,1.253674,1.001253,0.892213,0.98573,1.456514,1.257034,0.964313,0.892497,1.09638,0.912971,0.930908,0.739788,1.029595,0.979439,1.199586,0.887746,0.995928,1.144026,0.881334,1.016429,1.172847,0.437362,1.088646,1.103664,0.911611,0.934416,1.557641,1.239335,1.161121,1.116299,0.782905,1.057639,0.856723,0.938791,1.034661,0.796045,0.980306,0.813986,1.398308,1.236057,1.019467,0.959943,0.987441,1.03971,0.875534,1.267238,1.014438,1.065245,0.974505,1.074601,1.066573,1.183215,1.038066,0.829702,0.986537,1.441167,1.141746,1.297012,1.313844,1.024378,1.054491,1.24966,1.119172,1.195185,1.149034,1.13883,0.925673,1.022759,1.11235,0.96214,1.121602,0.874393,1.079347,1.04251,1.004408,1.089323,0.910005,0.884308,1.249718,1.286138,1.020545,1.078343,1.038543,1.174003,0.946427,1.02785,0.95521
city022_036,0.962056,0.976231,1.000989,1.048477,0.830011,1.01977,1.086773,1.042056,0.890842,1.231691,0.984817,1.220745,1.137921,0.848242,1.175271,1.221391,1.140629,1.144575,0.874955,1.195612,1.097484,1.055851,1.066255,1.074287,1.115827,0.762665,1.026713,0.928921,0.955262,1.154326,1.083879,0.991299,1.082776,0.957366,1.0926,0.398654,1.056871,0.949647,0.704554,1.165828,1.089041,0.909749,1.064848,0.901784,1.117455,0.960617,1.146292,0.894973,1.22752,0.936056,1.113176,1.122694,0.820494,1.161481,1.002887,0.855313,1.087098,1.118247,0.87666,1.105523,0.64291,1.002289,0.74039,0.993144,0.833382,0.843921,1.196802,1.113924,0.992099,1.029253,1.111982,1.078162,1.139972,0.959271,1.026148,1.017832,0.899164,0.853857,0.867177,0.974611,1.0999,1.108951,0.968183,0.898236,1.060189,0.665448,0.917341,0.97644,0.849716,1.012759,1.075031,0.956088,1.085471,0.622248,0.82685,0.829532,0.976242,0.897803,1.138256,1.130276
city022_037,1.281266,0.917711,1.051648,0.921749,1.062063,1.099609,1.066483,1.145149,0.775294,1.528243,1.017409,0.871173,1.193791,0.95542,0.907329,1.190748,0.860159,1.092959,1.079861,1.177877,1.168014,1.165663,1.052478,0.785556,1.01682,1.157395,0.873063,0.981889,0.76928,1.090187,1.139634,0.774061,0.943732,0.8758,1.124199,1.043817,0.402842,0.905529,1.267068,0.991115,1.29823,1.208083,1.279223,1.033182,1.273386,0.827162,0.940516,1.036754,1.12436,1.033197,0.82946,1.018421,1.053631,0.933451,1.276257,0.934909,1.229671,1.194745,1.107233,1.120934,1.172647,1.124938,1.184821,1.013294,1.051802,1.148186,1.051696,0.944711,0.811729,1.177125,1.208322,1.136966,0.938943,1.081925,1.02632,1.01431,1.27732,1.092277,1.241986,1.164113,0.898475,1.066039,1.166538,0.896096,1.17069,1.20098,1.131252,1.174759,1.040362,0.801978,0.853429,1.197952,1.022072,1.092982,1.19797,1.059316,1.084421,1.149681,0.74308,1.10413
city022_038,1.094965,0.993306,0.959673,0.8638,1.036839,1.107685,1.115688,1.148812,0.847711,1.412734,0.863321,0.806701,0.998462,0.999691,0.706502,1.051021,0.820785,1.20699,1.08199,0.936728,1.057897,1.111853,1.019811,0.78949,0.880451,1.100607,0.699032,1.039711,0.805982,1.004482,1.095793,0.8477,0.971294,1.00352,0.942601,1.023328,0.848534,0.418165,0.987076,1.197613,1.238463,1.144221,1.103701,0.811975,1.132806,0.860443,0.986158,1.024523,0.917247,0.988651,0.870843,1.25827,0.97323,0.769775,1.032356,1.013851,1.152953,1.004462,1.038084,0.914308,1.035648,0.957543,1.118832,0.994717,1.069505,1.025384,0.984358,0.761786,1.09602,1.066476,1.157716,1.146135,0.894256,0.958184,1.038979,1.049427,1.142203,0.955582,1.123256,1.049866,0.865456,1.126871,1.023475,1.0191,0.97443,1.110971,1.08372,1.104063,1.000651,0.895873,0.84794,1.134019,1.140489,0.975619,1.039213,1.008832,1.117209,1.017999,0.941707,0.981701
city022_039,0.794626,1.081698,1.038535,1.162445,0.893176,1.082047,1.187566,1.004246,1.029892,1.19816,0.967291,1.019141,1.134537,1.037897,1.026972,1.168643,1.224873,1.38377,1.080814,1.116514,0.984087,1.011132,0.947094,1.187831,1.027554,0.816612,1.226453,0.919969,1.084831,1.098428,0.82996,0.96971,1.038236,1.104775,0.983828,0.790514,1.21066,0.923946,0.411001,1.225617,1.075215,0.935474,0.987575,0.848078,0.900508,1.153976,1.151304,1.107873,1.065612,1.024595,1.197785,1.062036,0.894599,1.001707,0.980236,0.957411,1.029249,0.96499,1.174678,1.027121,0.887419,0.8421,0.907247,1.100981,0.903093,0.881073,1.078731,1.041521,1.198775,0.930043,1.150631,1.141515,1.113434,0.966161,1.036519,0.947707,1.010882,1.032435,1.052103,0.994384,1.172524,1.150413,1.02202,1.076327,0.943711,0.884614,0.964598,0.958398,0.944604,1.277658,1.068408,1.141153,1.187245,0.780215,1.040688,1.03942,1.032702,0.891768,1.168464,1.06557
city022_040,1.474061,1.277306,1.465011,1.70569,1.070689,1.161839,0.749647,0.857238,1.33165,1.050729,1.277296,1.570089,1.450704,0.969885,1.235538,1.773974,1.23056,0.613964,1.068465,1.388077,1.579001,0.877016,1.546092,1.296739,1.657934,1.264974,1.041229,1.075334,1.312941,1.369082,0.822254,1.228341,1.176489,1.109541,1.545157,1.258846,1.034371,1.203966,1.366547,0.423074,0.923228,1.248913,0.950374,1.493932,1.052563,1.192703,1.351693,1.03403,1.575896,1.269163,1.327545,0.552759,0.831544,1.215045,1.458429,1.167209,1.069148,1.462533,1.076327,1.340856,1.338898,1.527693,1.173903,1.256208,1.130406,1.429714,1.715416,1.274027,0.968784,0.917515,0.788574,0.863197,1.443379,1.240383,1.237603,1.422653,1.001648,1.333578,0.96119,1.364718,1.359115,1.445095,1.40072,1.060403,1.492558,1.355749,0.878318,1.494957,1.220155,1.183291,1.386967,0.793125,0.780801,1.222357,1.411102,1.177203,1.158287,1.2973,1.227015,1.334831
city022_041,0.958262,1.065879,0.884295,0.973016,0.971098,1.101621,0.92277,0.998447,0.937716,0.906667,1.037098,1.085553,1.035277,0.946871,1.274924,1.150755,1.183823,1.065901,0.888109,1.13153,1.031019,0.934367,0.937038,0.99002,1.026005,1.017588,1.143918,1.125849,0.972934,1.011594,0.910805,1.221513,1.213482,1.07504,1.118977,1.10818,1.273622,1.180941,1.137735,0.943601,0.479039,0.810243,0.871455,1.157301,0.674341,1.011745,0.893907,0.875423,1.107184,1.050086,1.04924,1.002829,0.887703,1.189089,1.035868,0.920145,0.772839,1.136499,0.986674,1.052066,0.954516,1.055047,1.041678,0.954462,0.958736,1.192959,1.047477,1.424581,1.221497,0.972077,0.899779,0.950579,1.127374,1.06991,0.87163,0.995358,0.996216,0.987832,0.801835,1.109758,1.048847,1.103191,1.168386,1.114284,1.068269,1.047384,0.839085,0.941633,0.920091,0.976775,0.915886,0.814367,0.76551,0.934247,1.041816,1.055476,0.8384,1.10346,1.007683,1.148675
city022_042,0.857695,0.937699,0.871427,0.920428,0.970362,0.994401,1.005404,1.006455,0.952552,1.150608,1.037997,1.125472,1.061598,0.847846,1.165131,1.210677,1.031706,1.202433,0.876931,1.13506,1.097876,1.039303,0.936666,0.989278,1.058018,0.91834,1.084239,1.000344,0.931942,1.092291,0.981525,1.188698,1.210974,0.964056,1.21072,0.864961,1.179401,1.075996,1.007942,1.130256,0.812877,0.440955,0.956524,1.055817,0.858157,1.048607,0.954893,0.906519,1.110431,1.081159,1.061346,1.101352,0.901637,1.173593,0.977486,0.900617,0.979624,1.135955,0.734664,1.111114,0.741494,1.110827,0.861132,0.905207,0.844131,1.127935,0.99781,1.289201,1.052974,1.025409,1.063546,0.949873,1.085847,0.940667,0.729429,0.862591,1.093191,0.873065,0.946594,0.962129,0.91441,1.061615,0.982297,0.96374,1.04711,0.890826,0.869911,0.865615,0.792112,0.923312,0.91351,0.88214,0.938709,0.895131,0.827091,0.883009,0.79575,0.856193,0.946525,1.072477
city022_043,0.971459,1.135017,1.156609,1.245797,0.90068,1.05251,0.914704,0.896647,1.053266,0.881531,1.077953,1.25362,1.089306,0.944431,1.346371,1.154503,1.353509,0.973613,0.966647,1.001525,1.087797,0.869814,1.038151,1.162797,1.113779,1.017119,1.06499,1.055171,1.212945,1.090246,0.918558,1.192475,1.138191,1.098333,1.157331,1.006546,1.44044,1.178335,1.01882,0.964316,0.83768,0.991544,0.498189,1.112936,0.804772,1.186926,1.091282,0.957344,0.99902,1.007571,1.178407,0.959734,0.874213,1.279463,1.023758,0.966127,0.6951,1.025181,1.128335,1.046992,0.897069,1.001087,0.978998,0.867065,1.092639,1.015558,1.093893,1.296989,1.346611,0.99119,0.841902,0.881386,1.232284,0.945646,1.179693,1.13006,0.885836,1.140657,0.917836,0.932841,1.27464,1.093379,1.097758,1.118122,0.978607,1.109821,0.859575,0.935626,0.970536,1.215312,1.216538,0.856371,0.955132,0.952307,1.069773,1.040562,0.953138,0.959352,1.221992,1.032653
city022_044,0.852256,1.034253,0.922979,0.803566,0.978217,1.031088,1.262544,1.150701,0.802965,1.172558,0.906901,0.900342,1.01143,1.083618,0.885544,1.006546,0.934112,1.457982,1.080098,0.984566,0.982007,1.158125,0.954732,0.943543,0.701549,0.866079,1.015192,0.988325,0.868977,0.946992,1.125056,0.850793,1.072254,1.075933,0.775821,0.850196,1.044306,0.81062,0.757189,1.497555,1.229627,1.016013,1.086934,0.412274,1.010304,0.864387,0.866849,1.056231,0.759925,1.018632,0.960112,1.317105,1.107593,0.904407,0.941459,1.021796,1.048826,0.921616,1.194847,1.024914,0.897273,0.884114,0.927156,1.065613,1.030201,0.898502,0.784539,0.913912,1.307238,1.044784,1.284316,1.22673,0.905126,1.033043,1.092809,0.996691,1.135968,1.029266,1.148965,1.006402,0.913153,1.142267,0.904234,1.095158,0.915587,1.00868,1.097776,0.988928,1.061218,0.939769,0.859913,1.204155,1.333702,0.925099,1.011934,1.01616,1.158693,0.936146,0.937305,0.995476
city022_045,0.871332,1.020061,0.875112,0.939246,0.966068,0.98169,0.850182,0.963085,0.971399,0.850512,1.019816,0.964977,0.996933,1.018341,1.18617,0.962659,1.120943,1.298656,0.99599,0.965873,0.909954,0.88098,0.870264,1.007541,0.970446,1.043946,1.130904,1.000505,0.962129,0.937759,0.823906,1.020101,1.121398,1.036622,1.066249,1.098566,1.217994,1.115318,1.043034,1.088252,0.726815,0.906264,0.81825,1.11198,0.406791,1.028726,0.940212,0.938708,1.000293,1.020371,1.007932,1.042057,0.961579,1.105681,0.933438,0.928641,0.772897,0.949862,1.110308,0.985728,0.967477,0.90369,1.000794,0.92533,0.982891,1.056635,0.916242,1.249899,1.360369,0.832431,0.893382,1.01675,1.045,0.962926,1.017535,0.841298,1.035965,1.099508,0.867029,0.966262,1.123673,0.873279,0.997923,1.087803,0.941444,1.045132,0.866178,0.829546,0.948426,1.032309,0.916602,0.867726,0.89389,0.886815,0.958032,1.027766,0.845787,0.971111,1.070064,1.011831
city022_046,1.068528,0.961232,0.850414,0.770841,1.01883,0.983235,1.178298,1.083418,0.793904,1.363846,0.917419,0.644502,0.967871,1.009257,0.890886,0.981987,0.817531,1.074037,0.9895,1.074041,0.881527,1.09833,0.912531,0.784861,0.767401,1.12962,0.814897,1.196951,0.856258,0.943651,1.204268,0.951537,1.036398,1.051857,0.895523,0.980434,0.847888,0.790314,1.197139,1.2198,1.162181,0.991555,1.244002,0.921339,1.013686,0.421255,0.89304,0.961077,0.945782,1.007652,0.828818,1.25518,1.185171,1.055538,0.976482,0.97898,1.160944,1.151491,0.963379,1.038067,1.000957,1.116641,1.018346,0.878011,0.924284,1.103965,0.953953,0.976012,1.138474,1.120911,1.183167,1.187089,0.905004,1.02136,0.994885,0.95695,1.292752,0.903896,1.051504,0.969768,0.73849,0.935664,0.991971,1.074951,1.138931,0.981827,1.079808,1.104509,0.970473,0.88812,0.751776,1.183294,1.196004,1.043575,1.015101,0.988434,1.053512,1.103308,0.845924,1.126962
city022_047,1.028357,0.975919,0.770717,0.873012,1.045512,0.979007,1.176729,1.107016,0.691727,1.231297,0.893506,0.938807,1.036837,1.006544,1.060169,1.075843,0.997793,1.303141,0.938529,1.142872,0.982639,1.107168,0.832472,0.680448,0.842388,1.035341,0.93693,1.125565,0.728618,0.970163,1.185384,0.937562,1.11271,0.926924,0.972399,1.140065,0.859777,0.973536,1.131941,1.246092,0.993743,0.773589,1.038063,0.92685,1.005384,0.776971,0.455868,0.957377,0.820397,1.017174,0.909491,1.229511,1.040995,1.064418,1.086612,0.951116,1.089618,1.098315,0.97148,0.997678,0.983203,1.0611,1.123611,0.971215,0.877486,1.223755,0.903174,1.181305,1.251635,1.193744,1.161961,1.075032,0.978365,1.060147,0.969787,1.041452,1.185781,0.974335,1.100482,1.007245,0.863077,1.072869,1.016102,1.109411,1.041738,1.011947,1.076626,1.014473,0.986225,0.738904,0.791319,1.047115,1.065595,1.058003,1.04413,1.030259,0.931727,1.096004,0.671239,1.109904
city022_048,1.131122,0.915334,1.05335,0.942461,1.017103,0.97355,1.037177,0.919915,0.988024,1.132931,0.957284,1.07259,1.202759,0.986504,1.062071,1.164975,1.021019,1.126378,0.909201,1.162621,1.100278,0.972297,1.008626,0.933312,1.070738,0.909422,0.952505,1.110148,0.955451,1.23148,1.109915,1.098505,1.191036,1.048836,1.053125,0.859705,1.11017,0.978381,1.070671,1.083247,0.97921,0.954571,0.933888,1.049224,0.934893,0.930141,1.044625,0.553177,1.077758,0.965755,0.991702,1.149951,0.850237,1.07359,1.000017,0.888866,0.967571,1.166043,0.913451,0.990355,0.789029,1.128568,0.86788,0.760199,0.980973,1.034099,1.037412,1.220765,1.149023,1.019251,0.983015,1.013805,1.242264,1.018307,1.033692,1.130503,0.922789,0.912894,0.91021,0.936241,0.952601,1.152421,0.962223,0.847181,1.037168,0.965749,0.856359,0.930951,0.795373,0.921441,1.032245,0.910558,1.021556,0.92428,0.787177,0.851953,0.85086,0.949802,1.061297,1.126327
city022_049,0.917277,1.003332,0.853597,0.826129,0.868351,0.884901,1.247284,1.114522,0.777733,1.039803,0.845848,0.882599,0.962996,1.059896,0.962406,0.95868,0.967823,1.384405,0.999406,0.942463,0.864205,1.086422,0.946482,0.798176,0.736623,1.024616,0.914119,1.121974,0.82033,0.928029,1.129107,0.888521,1.045566,1.023174,0.815847,1.176063,1.127595,0.870433,1.081124,1.402497,1.154555,1.020894,0.955317,0.808218,0.975981,0.770325,0.72522,0.973287,0.426255,1.022055,0.942072,1.40812,1.173209,1.01312,0.98411,0.982077,0.908699,0.975832,1.194953,0.997849,0.992245,1.00746,1.020312,0.970356,1.013392,1.040166,0.739429,1.055545,1.404848,1.203185,1.235526,1.20231,0.96762,0.979552,1.168904,1.036191,1.214478,1.107243,1.078803,1.014838,0.964354,1.060233,1.00155,1.101466,1.006568,1.175903,1.100294,1.00401,0.98386,0.898515,0.777745,1.173481,1.239085,1.067833,1.120361,1.042548,1.047992,1.027298,0.932345,1.003378
city022_050,1.085557,0.903077,0.977867,1.035775,0.997469,0.909222,1.13288,1.027728,0.976821,1.239577,0.952908,1.162861,1.067108,0.983171,1.121687,0.994147,1.16559,1.233342,1.037577,0.832,0.990027,1.028478,0.851689,0.976606,0.969061,0.951592,1.071122,0.927451,0.93873,0.92164,0.95822,0.9786,0.894343,0.887249,1.019142,0.938341,1.135226,1.004136,0.998118,1.14321,1.061947,1.117048,1.041037,1.031794,0.979061,1.002202,1.073159,0.966621,1.053307,0.54375,0.978071,1.072501,0.924361,0.993755,0.980178,0.795448,1.032982,0.840795,1.1241,0.839838,0.885399,0.861929,0.864116,0.905332,1.035456,0.888024,1.02976,1.002641,1.066714,1.019805,1.111273,1.133702,1.129822,0.879111,1.135292,1.11607,1.077744,1.142366,1.074865,1.076358,1.150743,0.982783,1.064982,1.089284,1.00744,1.052612,1.013298,0.916031,1.032409,1.030924,1.05294,1.030333,1.090389,0.862087,1.074644,0.857094,0.998122,1.009912,1.069449,0.883477
city022_051,1.08464,0.841026,0.866187,0.760447,1.035495,1.038306,1.039469,1.177089,0.863484,1.354104,0.972801,0.804377,0.925569,1.023411,0.849171,0.928007,0.725094,1.186089,1.107427,0.957827,0.918822,1.059616,0.852596,0.843146,0.79602,1.087656,0.791803,1.088606,0.751456,0.911926,1.187183,0.941693,0.933686,0.909125,0.885151,1.043599,0.820141,0.859916,1.196874,1.300544,1.138186,1.066213,1.144084,0.953419,1.016175,0.724142,0.91635,0.964832,1.017601,0.938666,0.377849,1.229163,1.192405,0.912975,1.029181,0.985909,0.990879,1.022148,1.028057,0.915984,1.049957,0.998866,1.08189,0.925627,0.959681,1.046039,0.873713,1.024619,1.169137,1.060624,1.237201,1.224947,0.918834,0.991363,0.889767,0.988418,1.260149,0.981216,1.064943,0.988258,0.726729,0.82295,1.036216,1.025768,0.924725,1.061161,0.845726,0.836496,0.920379,0.577654,0.682535,1.071651,1.001739,0.879502,1.016711,0.857417,0.949172,1.072167,0.781267,0.973066
city022_052,1.179534,1.373224,1.237749,1.441187,1.081852,1.216932,0.844868,0.870663,1.32318,1.145342,1.224554,1.444231,1.351212,0.960675,1.249916,1.58347,1.38169,0.81015,1.147845,1.435185,1.410378,0.894965,1.356273,1.39371,1.455201,1.106942,1.219175,1.062887,1.305545,1.336745,0.803916,1.220388,1.121207,1.148921,1.437341,1.167118,1.164002,1.27982,1.184036,0.615679,0.993003,1.129962,1.037347,1.35504,1.056825,1.28531,1.31032,1.067252,1.412599,1.217858,1.341151,0.416125,0.815498,1.132622,1.211073,1.173862,1.105064,1.383938,1.116593,1.35638,1.102198,1.341792,1.28577,1.303209,1.15367,1.272006,1.45981,1.231679,1.014543,0.881721,0.822851,0.890638,1.453221,1.277804,1.234425,1.275361,1.036018,1.176929,1.072286,1.226392,1.382972,1.404626,1.223665,1.147615,1.360028,1.096959,0.837586,1.255306,1.090121,1.31286,1.305058,0.814315,0.807389,1.054452,1.237388,1.150079,1.168285,1.207677,1.378999,1.352743
city022_053,1.130846,1.199113,1.154946,1.355751,0.920294,1.190178,0.815073,0.883257,1.120325,1.092004,1.083443,1.4216,1.29256,0.856944,1.313563,1.461302,1.37519,0.971894,0.899468,1.324413,1.293164,0.90511,1.182083,1.218004,1.348721,0.961133,1.177826,0.933154,1.197179,1.199458,0.839629,1.200469,1.170814,1.0879,1.30572,0.866434,1.254621,1.118406,0.940491,0.817372,0.951461,0.962935,0.919448,1.232677,0.943711,1.211057,1.201262,0.86796,1.348515,1.037519,1.27524,0.789854,0.491297,1.227783,1.115402,0.880557,0.986862,1.241831,0.950703,1.177287,0.845318,1.166337,1.018345,1.03829,0.990967,1.128254,1.350493,1.248603,1.041118,0.947278,0.89765,0.809922,1.324244,1.027686,1.113321,1.181738,0.899563,1.047531,0.958017,1.101658,1.310668,1.306777,1.129378,1.054415,1.169409,0.966627,0.831464,1.07548,0.917172,1.268696,1.324521,0.792493,0.819603,0.799999,1.048826,1.064805,1.011544,1.063718,1.258465,1.267634
city022_054,1.045365,1.096048,0.974552,0.936268,0.961094,1.053396,1.041278,1.097814,0.966658,1.205591,0.796057,0.972701,1.066032,0.915557,0.544186,1.115983,0.921797,1.27093,1.012457,0.91554,1.118865,1.009053,1.097521,0.945807,0.925667,0.888741,0.858364,0.914703,0.904752,0.894412,0.977751,0.823763,0.88355,0.950682,0.935272,1.047361,0.900472,0.775801,0.983631,1.103151,1.123656,1.125818,1.139896,0.816704,1.044706,0.93797,1.035502,1.042809,1.010242,0.926215,0.860884,1.004878,1.055702,0.432802,1.035202,0.931394,1.022162,0.928396,1.08143,0.946062,1.071827,0.907531,1.100978,1.095008,1.023626,1.065849,0.993632,0.812233,1.032925,0.91836,1.144457,1.136697,0.897129,1.058377,1.167281,1.011775,1.198662,0.986553,1.086642,1.104479,0.935054,1.183366,1.06602,0.88234,0.989605,1.082902,1.091459,1.052386,1.056816,0.985511,0.894109,1.137717,1.134082,0.861272,1.048532,1.090737,1.040904,1.100167,0.962765,1.056802
city022_055,0.882529,0.988306,0.927928,1.007777,0.958214,1.043797,1.062374,0.987911,0.978968,1.0207,0.865096,0.938644,1.02221,0.863724,1.035268,0.950682,1.089833,1.220669,0.886765,0.856087,0.864799,1.050953,0.947759,1.09192,0.871768,0.858444,1.030754,0.915444,1.023236,1.086391,1.022076,1.013389,1.042149,1.064793,0.984078,0.862341,1.269322,0.873135,0.864072,1.28142,1.048973,0.962827,0.880285,0.863002,0.899455,0.920902,1.061198,0.878193,1.025263,0.894451,0.974017,1.153764,0.969877,1.033238,0.463575,0.986164,0.892227,0.909877,0.913566,0.950436,0.72805,0.960766,0.856818,0.999876,1.109772,0.944484,0.957653,0.896201,1.244649,1.027035,0.972322,1.004873,1.083154,0.881344,1.11267,0.992009,0.864636,0.92657,0.8827,0.740244,1.036683,1.093687,0.871596,1.088544,1.03093,0.863005,0.878147,0.887051,0.891282,1.078446,0.942144,0.967138,1.165956,0.797618,0.794105,0.864385,1.017298,0.744101,1.142138,0.780917
city022_056,1.009582,0.92753,0.891179,0.882051,0.907592,0.909945,0.936222,0.934821,0.855242,1.183469,0.873857,1.071151,1.141009,0.766179,1.107285,1.122312,1.063756,1.285423,0.804233,0.970806,1.017665,1.018188,0.921468,0.893011,0.995931,0.900338,1.037568,0.773436,0.873453,0.862739,1.018569,0.958414,0.96921,0.870575,0.969552,0.833907,0.982117,0.967597,0.984335,1.084085,1.054861,0.913461,0.994436,1.03755,0.960403,0.946287,0.975447,0.87279,1.010771,0.717343,0.941994,1.060822,0.86162,0.998708,1.003353,0.431908,0.984784,0.844866,0.981135,0.850534,0.782663,0.915528,0.827394,0.797015,0.925752,0.881501,1.097361,1.030444,0.934792,0.963887,1.168273,1.013364,1.064845,0.815346,0.930089,0.917786,1.020955,0.938146,1.004783,1.01693,0.982257,0.913141,0.984549,0.878452,0.962225,0.949078,0.971726,0.865083,0.875162,0.976292,0.939388,1.005934,1.061053,0.818277,0.928876,0.871169,0.911577,0.971837,1.020518,1.013425
city022_057,0.928565,0.933328,0.9581,0.986174,0.914546,1.051583,1.008157,0.994604,0.934249,0.945829,0.994026,1.177906,1.033016,1.04614,1.177814,1.063728,1.093191,1.246795,0.992122,0.816108,0.952449,0.906651,0.879929,1.097324,0.9162,1.075609,1.200974,1.005705,1.029028,0.973598,0.983124,1.053593,1.092447,1.090299,0.947918,1.052699,1.242907,1.016702,1.044636,1.123637,0.855719,0.992204,0.686729,0.98893,0.788958,1.069381,0.971016,0.999356,0.820641,0.924077,1.022944,1.147829,0.962279,1.052455,0.93283,0.881176,0.489539,0.894537,1.170152,0.954298,0.909788,0.837362,0.968966,0.85734,1.079409,0.958827,0.878355,1.164336,1.355087,1.017196,0.995959,1.029838,1.046204,0.964075,1.105656,0.953561,0.995186,1.111024,1.056906,0.986405,1.167281,0.981102,1.047505,1.145315,0.908525,1.098525,0.925621,0.880821,1.042725,1.021783,0.932455,1.034166,0.999983,0.875924,1.027375,0.93785,0.90935,1.00566,1.111767,0.963622
city022_058,0.941815,0.907608,0.866997,0.91425,0.966731,0.943479,1.138956,1.062633,0.924783,1.152747,0.92475,0.961439,0.951178,0.999911,0.911979,0.859941,1.086244,1.369987,1.068886,0.783522,0.767145,1.078047,0.86583,1.051997,0.89117,0.964707,1.062715,0.903683,0.956552,0.782202,0.958456,0.868146,0.828031,0.939533,0.878434,0.977508,1.129321,0.926069,0.924537,1.290276,1.136599,1.067143,1.014427,0.894882,0.948782,0.997971,0.992306,1.067327,0.987394,0.771915,0.997479,1.180569,1.089624,0.892457,0.887696,0.821665,0.927497,0.498873,1.218157,0.765884,0.90571,0.714819,0.957288,0.964345,1.042357,0.790688,0.947902,0.880081,1.134759,1.073233,1.149054,1.188052,0.948881,0.938299,1.153889,0.998492,1.091533,1.089889,1.129966,0.900733,1.103689,0.912688,0.913273,1.071547,0.889206,0.923708,1.006187,0.973546,1.026809,1.06921,0.929245,1.225604,1.21742,0.895641,0.9985,0.902326,1.064831,0.932093,1.012314,0.836329
city022_059,1.111398,1.018059,0.991229,1.125662,0.948558,1.103822,0.952688,0.99126,1.022247,1.251545,0.973617,1.177795,1.21651,0.846572,1.177047,1.379193,1.148613,0.901907,0.847042,1.246895,1.182251,1.129617,1.154504,1.063537,1.244374,1.056622,0.935667,1.00732,1.024264,1.083067,1.155216,1.104941,1.212498,0.962619,1.284244,0.88529,1.133164,0.983327,1.17141,0.977362,1.04503,0.799041,1.06532,1.214419,1.083899,1.015453,1.177458,0.890918,1.308478,1.141514,1.116103,1.087461,0.947636,1.140005,0.97911,0.995342,1.07777,1.347969,0.378542,1.155631,0.865619,1.299137,1.019871,0.960372,0.828452,1.15109,1.279253,1.262341,1.018928,1.151817,1.09313,0.958864,1.204796,1.071035,0.894807,1.081796,0.984119,0.786252,0.918303,0.935969,1.098821,1.120749,1.070002,0.931006,1.225271,0.906093,0.934158,1.05105,0.835305,0.981761,1.028113,0.818024,0.962437,0.884925,0.802766,0.802742,0.869072,1.017256,1.110547,1.141933
city022_060,0.927968,0.892704,0.822069,0.833747,0.982139,0.912005,1.065142,1.025025,0.943201,1.190417,0.880146,0.967336,0.954724,0.941202,0.978905,0.966382,1.106701,1.293288,0.972857,0.709688,0.881628,1.080418,0.873756,0.95454,0.942999,0.98985,0.886096,0.886906,0.935121,0.694949,1.022973,0.985848,0.870375,0.867147,0.967913,1.000687,1.096841,0.871886,1.006787,1.22532,1.084227,1.06935,0.994328,0.927845,0.992096,0.922816,0.952624,0.947446,0.965467,0.711818,0.837142,1.215916,0.97721,0.890735,0.924947,0.768004,0.930613,0.683332,1.061332,0.455437,0.801678,0.728167,0.919226,0.796321,1.011578,0.809058,0.963105,1.008417,1.112969,1.11934,1.241737,1.16606,1.017629,0.840871,1.118509,1.031752,1.143432,1.01024,1.083624,1.091912,0.987003,0.866436,1.009815,1.035799,0.999644,1.022749,1.023517,0.987052,1.022391,0.889976,0.869306,1.130165,1.128358,0.858553,1.042338,0.784471,0.97286,0.968108,0.992683,0.805418
city022_061,0.802108,0.899783,0.947499,0.986837,0.880066,1.018818,1.02138,0.965621,0.871888,1.146415,0.999462,1.19014,1.07753,0.908328,1.24142,1.145314,1.15876,1.181875,0.951831,1.077827,0.996274,1.106778,0.988574,1.111412,1.050773,0.755504,1.097577,0.905866,1.029297,1.035601,1.067865,1.057374,1.071789,1.060387,1.057067,0.61909,1.212005,0.996151,0.827605,1.255883,1.008503,0.865371,0.836131,0.914216,0.928537,0.981477,1.063838,0.826004,1.024505,0.919709,1.052469,1.133979,0.82523,1.178575,0.910348,0.777296,0.93071,1.045152,0.869823,0.933517,0.424013,1.013073,0.685097,0.862548,0.862272,0.813001,1.036011,1.138085,1.103489,1.133664,1.09538,1.013978,1.181099,0.915592,0.907996,0.964809,0.927227,0.893084,0.969689,0.913891,1.051125,1.076157,0.903603,0.85434,0.940948,0.767436,0.869166,0.819384,0.848014,1.053134,1.023109,0.946053,1.096673,0.670387,0.767669,0.685966,0.929045,0.850368,1.14287,0.986095
city022_062,0.911811,0.910749,0.887924,0.875726,1.042725,1.075535,1.252483,1.254501,1.011128,1.180148,0.97569,1.023981,0.992104,1.151425,0.997794,0.850202,1.120405,1.633591,1.271602,0.761807,0.822829,1.148051,0.859901,1.109731,0.860113,1.099616,1.187674,1.103243,1.021163,0.724967,1.129651,0.939173,0.928933,0.946812,0.928397,1.021688,1.14894,0.968992,0.922023,1.486054,1.126826,1.133428,1.001163,0.840621,0.983325,1.017421,0.984723,1.132745,0.915773,0.820198,1.000654,1.29432,1.212083,0.901001,0.983831,0.926346,0.856496,0.723272,1.354837,0.793167,1.027189,0.431814,1.081217,0.989289,1.135181,0.73395,0.884092,1.042823,1.422021,1.126772,1.405066,1.333343,0.995109,1.055248,1.252759,1.023992,1.205928,1.13371,1.197824,1.166444,1.149757,0.898162,1.093304,1.097769,0.793032,1.100449,1.122074,0.942709,1.158686,1.032528,0.840427,1.273329,1.32143,0.8877,1.117054,0.934547,1.043204,1.111253,1.12754,0.893242
city022_063,0.732027,0.97678,0.986173,1.022224,0.834556,0.794361,1.076562,0.932738,0.93537,1.014242,0.933669,1.086973,1.096342,0.889352,1.178903,1.086557,1.188932,1.073649,0.834235,1.029207,0.993203,1.105987,0.957642,1.050116,0.938193,0.614408,1.095181,0.832382,0.991898,1.025892,1.026462,1.095804,1.161976,1.046099,1.020382,0.701543,1.30876,1.060592,0.777074,1.227017,0.968472,0.913074,0.896233,0.878495,0.936078,1.036769,1.097409,0.939477,0.98589,0.920036,1.146744,1.22406,0.972484,1.179244,0.901164,0.818865,0.952459,0.987702,0.988324,0.991356,0.614893,1.033916,0.459295,0.808652,0.772682,0.872452,0.964103,1.158695,1.148588,0.990529,0.97626,1.106579,1.056104,0.869768,1.003824,0.897043,1.075524,0.97944,0.832698,0.946828,1.090937,1.088556,0.983331,0.856963,1.058627,0.892609,1.04392,0.886481,0.861737,1.084061,1.063077,0.938349,1.160795,0.770851,0.920327,0.901607,0.960022,0.762602,1.108042,0.949293
city022_064,1.118941,0.863348,0.999092,0.945989,1.043317,0.824677,1.069477,0.972389,1.040954,1.219574,1.073737,1.122835,1.069522,0.976115,1.248376,1.055896,1.062282,0.990046,0.946132,1.022462,0.976932,1.036931,0.895828,0.975254,1.050272,1.051426,1.031139,1.085353,0.958252,1.020806,1.169341,1.097241,1.072927,0.976587,1.10138,0.931119,1.099121,1.015667,1.166929,1.199385,1.054126,1.061661,0.910905,1.182565,0.987328,0.897775,1.061056,0.89151,1.108884,0.88043,1.030638,1.203563,1.00577,1.28127,1.103762,0.909519,1.025778,1.057331,0.955237,0.888116,0.870464,0.943511,0.883886,0.467397,0.916598,0.863898,1.058058,1.229425,1.107529,1.08847,1.061495,1.092955,1.210256,0.846953,0.955143,1.10477,1.08872,0.938157,1.051651,1.044688,1.052646,0.885882,1.02813,0.973628,0.946197,1.044427,0.998035,1.019138,0.942456,0.953846,1.016462,1.003245,1.093927,1.005597,0.956867,0.717042,0.870597,0.928548,1.000583,1.049404
city022_065,0.888084,0.992326,0.97402,1.075836,0.773557,0.869295,1.035261,0.95647,0.974894,1.075515,1.011552,1.168527,1.110128,0.91682,1.115124,1.248523,1.042548,1.005876,0.853351,1.095744,1.157719,1.086723,0.995212,0.951233,1.080994,0.871838,0.991406,0.921913,0.952261,1.034557,1.059584,1.065941,1.123435,0.960003,1.16056,0.857227,1.09217,1.05603,0.839054,1.077614,0.90553,0.881973,0.940437,1.002525,0.956647,0.958553,1.022597,1.008717,1.054741,1.054473,1.049361,1.047143,0.898646,1.10373,1.123924,0.92322,0.958043,1.139883,0.836168,1.055562,0.855707,1.091887,0.839647,0.900306,0.449177,1.007629,1.127783,1.208645,1.034131,0.994186,0.898306,0.970597,1.093225,1.010448,0.903159,0.881705,0.977696,0.934229,0.969303,0.979467,1.008333,1.080921,0.994823,0.89653,1.092698,0.845393,0.992024,0.978026,0.936272,0.955063,1.006152,0.900102,1.061378,0.891222,1.025615,0.944153,0.914027,0.899834,0.990552,1.110769
city022_066,1.035198,0.874256,0.967438,1.016984,1.076623,0.970756,1.188252,1.146776,0.905589,1.282137,1.029702,1.125529,0.889994,1.055859,1.123946,0.92911,1.179611,1.311407,1.064236,0.902438,0.944818,1.088236,0.885121,1.14957,1.026492,0.977528,1.169024,1.03102,1.020689,0.993879,1.089181,0.983428,0.902666,0.863964,0.972946,0.724281,1.130335,0.994479,0.873708,1.356062,1.097028,1.107561,1.029786,0.890835,1.139024,1.063899,1.122331,1.064871,1.023061,0.882397,1.073245,1.235506,1.006655,1.153894,1.072668,0.872851,1.011542,0.954366,1.142456,0.84989,0.795843,0.740387,0.919684,0.882427,0.990564,0.466951,1.075712,1.101708,1.223331,1.114618,1.264377,1.135574,1.10774,0.905989,1.090594,1.07755,1.062118,1.101527,1.117301,1.055746,1.130771,0.865749,1.041753,1.03007,0.977249,0.991056,1.012175,1.114236,1.126991,1.151619,1.075415,1.158001,1.161421,0.881621,1.062851,0.689527,1.12301,1.03574,1.149589,0.924032
city022_067,0.887386,0.976413,0.844244,0.839096,1.09202,1.05724,1.349464,1.206015,0.939788,1.161376,0.946003,0.910652,1.033272,1.152743,0.960493,0.962579,0.913,1.622732,1.073664,0.959693,1.033211,1.107822,0.894442,0.932962,0.806293,1.109167,1.049157,1.143666,0.909477,0.925134,1.192533,1.037432,1.180183,1.075355,0.874984,1.142427,1.087448,0.987471,1.126571,1.67351,1.19414,1.003744,1.043583,0.791652,1.014269,0.961743,0.805163,1.098346,0.750118,1.096434,0.963479,1.452366,1.264904,1.032025,1.030455,1.029228,0.996289,0.997342,1.316496,1.016657,1.012251,0.978003,0.989928,1.041929,1.038039,1.046588,0.508649,1.163788,1.52592,1.080994,1.346023,1.35289,0.946027,1.102164,1.083961,0.894762,1.325609,1.083196,1.136875,1.06458,0.898615,0.953792,1.010928,1.128039,0.954126,1.192632,1.19265,0.923255,1.071756,0.948109,0.819135,1.365099,1.431135,1.040472,1.016015,1.076846,1.080084,1.034971,0.941379,1.055596
city022_068,1.134223,1.091742,1.119177,0.996559,1.003141,1.280295,1.059604,1.046614,0.878652,1.458957,0.973887,0.803825,1.092528,1.056132,0.773826,1.124333,0.818365,1.213945,1.175645,0.932911,1.068835,1.107496,1.164706,1.08498,0.945588,1.081444,0.97588,0.94197,0.979561,1.100576,1.072634,0.829304,0.914685,1.151134,0.964403,1.012904,0.923891,0.7319,1.08096,1.257192,1.42771,1.287029,1.214093,0.887248,1.227661,0.970016,1.188657,1.182354,0.996314,0.900821,0.917132,1.128353,1.108618,0.845315,1.081615,0.938377,1.177562,0.938782,1.279199,1.048773,1.019568,1.004025,1.102897,1.170198,1.182208,1.046464,1.111228,0.453844,1.029714,1.045764,1.146736,1.208171,0.995364,1.020334,1.171371,1.035423,1.132159,1.146696,1.258661,1.005228,1.016809,1.208923,0.981633,1.08008,1.06451,1.098438,1.121834,1.21436,1.089605,1.062704,0.991299,1.202105,1.26195,1.01881,1.109081,1.002337,1.326967,1.062253,1.032054,1.042263
city022_069,1.36365,1.080792,1.245556,1.350396,1.081311,1.141414,0.951204,1.019762,1.088222,1.284264,1.122304,1.385765,1.454509,0.869202,1.200545,1.583387,1.245452,1.033865,0.88656,1.277566,1.4594,1.097585,1.335469,1.183587,1.469001,1.079559,1.123816,0.813311,1.121121,1.164092,1.028213,1.172055,1.127479,1.048239,1.487947,1.055788,0.907506,1.130686,1.223414,0.849499,1.14784,1.134837,1.21406,1.385909,1.257118,1.210561,1.343957,1.123356,1.433241,1.121977,1.228207,0.921311,0.986491,1.160373,1.340093,1.021208,1.236656,1.292947,0.995946,1.169957,1.12297,1.384359,1.101342,1.09121,0.953963,1.283717,1.549673,1.151442,0.435479,0.994472,1.070383,0.959685,1.250719,1.120865,0.990323,1.076083,1.186758,1.03203,1.109124,1.196061,1.108729,1.164961,1.227179,0.955802,1.350852,1.085628,1.039736,1.210691,1.066897,1.176022,1.246965,1.073486,0.983872,1.04192,1.142636,1.079516,1.079489,1.139192,1.085967,1.263912
city022_070,1.073251,1.167345,1.028784,1.038114,1.037288,1.162903,0.77451,0.861424,1.152487,0.912459,1.13392,1.022616,1.255493,1.02127,1.069442,1.244673,1.070209,1.019152,1.104555,1.101549,1.19393,0.689313,1.141846,1.178491,1.032909,1.02247,1.167421,0.995645,1.087045,1.172427,0.75701,0.979684,1.085939,1.147702,1.100269,1.04336,1.242017,1.041951,1.025538,0.916142,0.94055,1.104504,0.929175,1.120397,0.842339,1.178534,1.27063,1.011565,1.166368,1.156941,1.060817,0.850999,0.915089,1.046417,1.154766,1.09725,0.899965,1.20519,1.164038,1.184729,1.187289,1.121088,1.061607,1.076819,1.122197,1.077173,1.065965,1.069744,1.05206,0.434388,0.889647,0.891322,0.951372,1.103262,1.044476,0.886733,0.949068,1.169112,0.894249,1.070425,1.118035,0.901291,1.133403,1.142795,0.992552,1.158621,0.817982,1.020142,1.093981,1.129749,1.001962,0.968349,0.873215,0.923044,1.16895,1.138327,0.985814,1.135002,1.167463,1.209977
city022_071,1.204237,1.327995,1.279873,1.361978,1.136052,1.170586,0.761549,0.909026,1.328115,0.948203,1.216242,1.120759,1.356619,0.99547,1.304933,1.393501,1.291644,0.747641,1.13192,1.291429,1.309028,0.931883,1.258584,1.396619,1.329029,1.087817,1.221182,1.214861,1.309006,1.368096,0.883293,1.318075,1.270453,1.219376,1.280699,1.112216,1.389318,1.295807,1.236518,0.83881,0.918864,1.173422,0.848178,1.384693,0.847344,1.383046,1.398836,1.025131,1.433236,1.310672,1.283382,0.836038,0.843139,1.396019,1.163112,1.248694,0.903759,1.316073,1.234684,1.41761,1.088523,1.394575,1.19453,1.225658,1.132707,1.288354,1.361749,1.159067,1.126779,0.860846,0.426724,0.795347,1.20654,1.004772,1.191547,1.180666,0.848306,1.226725,0.924,0.973037,1.423438,1.354102,1.032438,1.20974,1.309044,1.116645,0.829521,1.164426,1.083333,1.426969,1.325831,0.772711,0.860695,1.117212,1.133167,1.240191,1.160144,1.078198,1.41573,1.169949
city022_072,1.135275,1.211675,1.097109,1.348744,0.95684,1.121213,0.786341,0.925509,1.02307,1.069545,1.035921,1.211707,1.152005,0.770071,1.242262,1.450106,1.234664,0.88983,0.90901,1.322716,1.317428,0.96316,1.276152,1.212347,1.426326,1.107677,1.1083,1.028787,1.166838,1.211156,0.932211,1.181091,1.129857,1.02664,1.339056,1.019399,1.18651,1.148338,1.176465,0.824471,0.934521,0.96403,0.909946,1.327465,0.962642,1.189183,1.115072,0.919197,1.28814,1.14373,1.219424,0.817955,0.769436,1.235465,1.142651,1.019691,0.989727,1.339055,0.93927,1.229865,1.039817,1.353333,1.143715,1.048925,0.994145,1.158692,1.37604,1.240426,1.029846,0.900539,0.766074,0.454392,1.068603,0.982198,0.998245,1.046663,0.978956,0.996513,0.934444,0.985048,1.178987,1.234629,1.179167,1.10135,1.250337,1.025716,0.921434,1.195829,0.95597,1.187975,1.290152,0.78383,0.711389,0.957153,1.069705,1.115372,1.036408,1.166914,1.19486,1.28613
city022_073,1.05062,1.004056,0.922245,0.816777,1.072057,1.078029,0.981714,1.183937,0.845514,1.136416,0.878272,0.798781,1.053361,1.004441,0.86232,1.060773,0.847959,1.36072,1.078213,0.953921,1.062469,1.070698,1.043416,0.879704,0.841856,1.00012,1.018229,1.079062,0.6809,0.958824,1.120637,0.77336,1.013299,1.029736,0.923376,1.077199,0.938601,0.863823,1.103735,1.388205,1.157863,1.124536,1.162479,0.884286,1.055672,0.951396,0.948317,1.17337,0.957959,1.022613,0.916026,1.319154,1.143463,0.931292,1.13139,1.016324,1.021882,1.027056,1.248071,1.041267,1.153698,0.977172,1.023071,1.072426,0.982725,0.967409,0.906471,0.919702,1.17727,0.873016,1.085376,1.051797,0.422468,0.945204,0.948481,0.743513,1.311973,1.073446,1.120441,1.115172,0.925083,0.991782,1.044685,1.095444,0.916428,1.151932,1.082302,1.039438,1.073467,0.978343,0.831758,1.178939,1.063168,0.930681,1.186717,1.073691,0.99253,1.051407,0.909557,1.077647
city022_074,0.979893,0.892617,0.957783,0.978468,0.904283,0.9055,0.915849,0.953304,0.985247,1.186133,0.857579,0.901095,0.947283,0.90317,1.008821,1.05567,0.871686,1.055663,0.870758,0.876534,1.034031,1.055151,0.8654,1.043552,1.027909,0.966253,1.005642,0.997026,0.92451,0.999392,0.971115,1.016189,1.010994,0.981761,1.017593,0.916679,1.085038,0.932627,0.984079,1.211334,1.128356,0.975345,0.946878,1.007806,0.961651,1.043896,1.074771,1.030873,1.072578,0.918608,0.975935,1.211993,0.938637,1.065955,0.948071,0.937117,1.038721,0.968554,1.033577,0.915122,0.860598,1.024367,0.899403,0.88552,0.975686,0.908564,1.018431,0.989693,1.095242,1.006949,0.886721,0.958263,0.888908,0.428141,0.88137,0.890314,1.058953,1.002603,1.031716,0.949174,1.009072,0.97105,0.984043,1.082032,1.020333,1.048164,1.007174,1.040775,0.859416,0.99574,1.03221,0.930134,1.011734,0.950636,1.018547,0.880922,0.940081,0.839941,0.982871,0.81598
city022_075,1.086164,0.928345,1.01902,1.071805,0.964516,1.123747,0.953273,1.117595,1.078782,1.370554,1.140547,1.063413,1.131128,0.835725,1.098246,1.310567,0.792982,1.085055,0.911408,1.212329,1.272725,1.139371,1.019315,1.119155,1.176664,1.061947,1.11471,0.986418,1.028256,1.221048,1.189653,1.254442,1.168133,1.12922,1.275995,0.94387,1.003953,1.092662,1.156896,1.120162,1.113486,0.939976,1.112845,1.173167,1.153726,1.08538,1.164775,1.077969,1.274705,1.143876,0.929599,1.128658,1.112991,1.210305,1.226602,0.987479,1.132481,1.291964,0.984475,1.187695,0.90339,1.264576,0.952725,0.949276,0.862614,1.146132,1.166994,1.083315,0.920789,1.12358,1.119354,0.961366,0.939715,0.928733,0.429203,0.781268,1.23732,1.000113,1.052059,1.117804,0.771655,1.055459,1.102443,1.078119,1.116813,1.000931,0.974847,0.962819,0.818454,0.920242,1.004352,1.01382,0.917645,0.930157,1.100164,0.962623,0.899376,1.031253,0.8904,1.226003
city022_076,0.804144,0.894822,0.867941,0.934311,0.916181,0.959701,1.001607,1.104431,0.983621,1.134379,0.998747,0.899455,0.961213,0.944016,1.114844,1.05876,0.907771,1.379789,0.949772,0.908171,1.033883,1.057091,0.876933,1.030358,0.962889,0.952585,1.18833,1.001241,0.957547,0.967164,1.046158,1.099559,1.108488,1.034984,1.06761,0.975463,1.00206,1.073615,0.955948,1.395389,1.002341,0.858687,0.975602,1.016837,0.863179,1.031118,0.981363,1.089149,1.05499,1.048899,0.967825,1.279096,1.115462,1.106109,1.073189,0.824973,0.936993,1.022689,1.086349,0.956147,0.942938,0.974767,0.852551,0.900316,0.797699,1.01302,0.879435,1.116102,1.014556,0.930724,1.145634,1.035266,0.730644,0.891143,0.689372,0.389417,1.257219,1.021929,1.043577,1.006152,0.900981,0.811824,1.050347,1.024755,0.926441,0.981382,1.069194,0.759269,0.88534,1.003798,0.874367,1.146596,1.081593,0.864647,1.041022,1.0368,0.814844,0.880754,0.929163,1.086144
city022_077,1.102216,1.100647,1.084793,1.226269,1.047789,1.17096,0.940306,0.888683,1.008128,1.04052,1.087481,1.156551,1.151799,0.903494,1.274139,1.224781,1.259391,1.002589,0.947795,1.14031,1.103668,0.920755,1.089107,1.152989,1.129632,1.04106,1.036275,1.022546,1.076506,1.142839,0.992676,1.087311,1.149474,1.097581,1.140364,0.794392,1.336272,1.047822,0.995893,1.013777,0.923136,1.022227,0.779288,1.070381,0.949212,1.097265,1.185712,0.835557,1.212713,1.046233,1.119594,1.077711,0.826519,1.279241,0.898199,0.961622,0.914446,1.152646,0.967151,1.131251,0.813688,1.163007,0.999178,0.929756,1.033353,1.037266,1.161356,1.13806,1.227035,0.910133,0.828295,0.894969,1.246044,1.040472,1.165773,1.167745,0.556957,0.906959,0.927849,0.845728,1.259608,1.19435,0.952392,1.056742,1.013438,0.88639,0.847728,1.030177,0.979437,1.205876,1.122739,0.853925,1.015273,0.865073,0.857672,0.868113,0.995831,0.980733,1.265309,1.04541
city022_078,1.131315,1.057773,0.99551,1.101704,0.941292,1.129402,1.043629,1.028898,1.021187,1.246677,0.957719,1.189715,1.216768,0.85539,1.142619,1.387561,1.119945,1.078944,0.815177,1.212847,1.210816,1.028723,1.118166,1.047609,1.231286,1.029888,0.934279,0.978299,0.9024,1.050273,1.134357,1.061057,1.11245,0.91763,1.245539,0.822456,1.049788,0.962529,1.054294,1.083595,1.100499,0.911199,1.106098,1.170655,1.121041,0.934955,1.127332,0.872785,1.277116,1.09733,1.048135,1.109378,0.930123,1.120121,1.04545,0.984007,1.137476,1.301541,0.66007,1.128785,0.831743,1.171722,1.068192,0.922641,0.901094,1.105932,1.265403,1.261004,0.960895,1.101728,1.187695,0.944927,1.18016,1.044282,0.964255,1.080263,0.975585,0.522769,0.914976,0.988586,1.002399,1.143416,0.999379,0.809201,1.104465,0.8021,0.831912,1.017039,0.888803,0.905671,1.04056,0.924034,0.97129,0.840744,0.791477,0.844594,0.888024,1.045674,1.060447,1.156109
city022_079,1.030409,1.122999,1.06757,0.9961,1.049561,0.996326,0.950582,0.959261,1.099355,0.805676,1.066617,1.024293,1.104315,0.95386,1.142128,1.147628,1.077228,1.035305,0.973892,1.24668,1.065976,0.877595,1.032913,0.958029,1.003636,1.000631,0.954597,1.178777,0.956641,1.11996,0.982178,1.162053,1.266037,1.121642,1.124907,1.003175,1.207461,1.181237,1.05736,0.954467,0.736668,0.912093,0.945792,1.116312,0.818196,0.961223,1.075825,0.72608,1.114516,1.161259,0.972861,1.029348,0.995899,1.172597,0.927845,1.038352,0.871258,1.188231,0.960306,1.178678,1.033082,1.21482,0.920479,1.019838,1.083536,1.170533,1.015709,1.351528,1.214683,0.896641,0.836544,0.978058,1.170168,1.139358,0.980952,1.062406,0.904797,0.962285,0.46855,1.017752,0.975096,1.191386,1.090983,0.993762,1.079418,1.067755,0.797776,0.989101,0.940989,0.942086,0.905717,0.708538,0.857482,0.941901,0.960674,0.95659,0.81723,1.125499,1.068092,1.222493
city022_080,0.902727,0.97427,1.064456,1.027754,1.018977,1.07103,1.084883,1.036011,1.02146,1.081837,0.944706,0.939586,1.143294,0.972083,1.10127,0.954455,1.04763,1.206367,0.932319,1.008851,0.879206,1.080541,0.996538,1.037295,0.915422,0.937434,0.987443,1.060159,1.037521,1.163914,1.07742,1.032263,1.095542,1.141151,0.916316,0.856004,1.23354,1.016687,0.972785,1.294123,1.120838,0.966563,0.917029,0.986766,0.962363,1.007899,1.136064,0.861996,0.997877,1.006334,0.919722,1.169633,0.976721,1.15416,0.786135,0.962072,0.914545,0.966524,0.904539,1.148974,0.784991,1.074023,0.924839,1.003821,1.052165,1.005727,1.005451,0.94744,1.226336,1.062946,0.8906,1.002957,1.122512,0.938834,1.072671,1.049668,0.866881,0.955239,0.996068,0.445569,1.112452,1.123895,0.738078,1.025775,0.968239,0.854332,0.882946,0.930544,0.933326,1.096456,1.006775,1.00199,1.153215,0.873377,0.737736,0.937701,1.108617,0.830568,1.148751,0.917679
city022_081,1.104703,0.902286,0.889497,0.805348,1.072818,1.080939,1.111885,1.145012,0.878566,1.344362,0.909681,0.828082,0.989136,0.943807,0.859354,1.081629,0.743693,1.165592,0.870643,1.101768,1.087195,1.152761,0.989128,0.817841,0.900567,1.093065,0.883663,1.102199,0.817462,1.030745,1.256108,1.053574,1.168485,1.079737,1.060663,1.024075,0.849279,0.825951,1.175005,1.278847,1.161165,0.963592,1.255447,0.947337,1.098086,0.753324,0.883626,0.998995,1.073668,1.10949,0.756744,1.332622,1.224185,0.972951,1.083296,1.015984,1.157889,1.217487,1.020532,1.036451,0.999969,1.159163,1.041691,0.945599,0.888833,1.164714,0.923097,1.053189,0.913244,1.078874,1.298829,1.116576,0.935054,1.030968,0.740623,0.915248,1.361031,0.880976,1.011455,1.009781,0.413244,0.961034,1.010198,0.980881,1.050383,1.033623,0.969809,1.00702,0.924281,0.699964,0.760143,1.168082,1.11444,1.012215,1.023018,0.95157,0.971543,1.086671,0.673853,1.132806
city022_082,1.085725,0.890427,0.759948,0.974272,1.194599,0.916754,1.169227,1.274373,1.086694,1.19314,1.149931,1.057811,0.877471,1.077939,1.294571,0.908643,1.072477,1.310066,1.146913,0.895235,0.931912,1.149978,0.844159,1.05671,1.010061,1.227697,1.148489,1.213162,1.061875,0.923532,1.23972,1.2192,1.026443,0.818762,1.228464,1.117465,1.165228,1.208084,1.319524,1.371719,1.167488,1.092051,1.074742,1.232798,1.037783,1.087277,1.113718,1.147706,1.171301,1.003471,0.950132,1.385732,1.235975,1.345585,1.143491,1.037217,0.965201,0.983046,1.253507,0.890485,1.042788,0.872476,1.057602,0.92025,1.040121,0.889737,1.035909,1.329923,1.167773,1.028248,1.360305,1.258998,0.979791,0.955619,1.011394,0.898794,1.409511,1.249882,1.161765,1.237658,0.957674,0.422524,1.170046,1.164927,0.924151,1.182258,1.188246,0.883173,1.050049,0.922088,0.917143,1.240462,1.156698,1.046467,1.226585,0.944003,0.890913,1.113789,0.9974,0.92242
city022_083,0.923312,0.966851,1.094692,0.970459,1.072381,1.07074,1.235055,1.066924,1.054678,1.27238,1.090237,1.009834,1.13159,1.042436,1.146052,0.976173,1.057054,1.337752,1.020708,1.067889,0.937445,1.074633,0.943622,0.995967,0.953111,0.845014,1.004185,1.124371,0.973938,1.074199,1.152635,1.046707,1.142471,1.127061,0.937655,0.816838,1.242794,1.047105,0.94148,1.500912,1.181354,0.946123,1.015102,1.035965,0.969086,0.929017,1.029215,0.943194,1.040692,1.040774,1.011404,1.264173,1.09467,1.153307,0.870173,0.984706,1.050015,0.975144,1.028786,1.13515,0.745257,1.045514,0.900636,0.965593,1.023454,1.026375,0.999501,1.094574,1.212982,1.195843,1.098549,1.207049,1.154831,1.009995,1.035096,0.987034,0.966076,0.960573,1.074326,0.790837,1.047913,1.154362,0.646671,0.924875,0.951355,0.792792,0.960331,0.809671,0.871168,1.06586,1.007885,1.171418,1.245395,0.906004,0.762572,0.860475,1.031907,0.745617,1.158289,0.915735
city022_084,1.09871,1.045134,1.119341,1.05994,1.059662,1.078609,1.048067,0.989779,1.051841,1.324521,1.014124,0.985097,1.200701,0.924258,1.018582,1.248195,1.02241,1.021629,0.950812,1.172721,1.138814,1.087542,1.130298,0.996628,1.131956,1.011075,0.902208,1.033012,0.949087,0.976316,1.199942,0.951574,1.167291,0.892703,1.144702,0.869361,0.909892,0.993325,1.10465,0.990047,1.107448,1.034643,1.098264,1.144996,1.097057,1.009932,1.149234,0.901176,1.208031,1.088759,1.021247,1.102891,1.056337,1.004584,1.153725,0.924524,1.135599,1.220613,0.890396,1.069499,0.904847,1.16681,0.971346,0.970093,0.883277,1.114754,1.227753,1.135235,0.874307,1.11906,1.093774,1.09999,1.128606,1.103534,1.003672,1.033588,1.126477,0.843311,0.982762,1.003737,1.034411,1.136347,0.966122,0.497015,1.159582,0.958752,0.98679,1.041953,0.892574,0.971452,0.967818,1.063888,1.025813,0.964795,0.922852,0.93556,0.964531,1.02744,1.128515,1.172825
city022_085,1.004206,0.947392,0.90689,0.859146,1.057683,1.131515,1.165873,1.134768,0.981731,1.15842,1.036003,0.979504,1.097739,1.086533,0.991409,1.010633,0.879461,1.392406,1.0888,0.963282,1.011915,1.004882,0.88223,0.874648,0.789362,1.102659,0.985563,1.156559,0.817511,0.980683,1.089509,0.888883,1.033423,0.979579,0.840567,0.958291,1.069607,0.900571,0.977447,1.362541,1.087589,1.005181,0.977877,0.841327,0.925609,0.909133,0.952134,0.920391,0.916363,0.963117,0.79102,1.26582,1.077699,0.968705,1.075262,0.928618,0.937932,0.9311,1.10557,1.000513,0.920425,0.802959,1.05681,0.866245,1.093946,0.928087,0.847052,1.055185,1.256007,0.981186,1.265848,1.225218,0.926666,1.030006,1.016179,0.949846,1.096664,0.962967,1.003866,1.012947,0.93512,0.862235,0.94961,1.043656,0.463291,0.989828,0.892542,0.752014,0.973458,0.819851,0.760002,1.211119,1.094842,0.87292,1.00143,0.830289,0.913477,1.04459,0.949289,1.051179
city022_086,0.83227,0.922876,0.979311,1.013679,0.855131,1.025578,1.018423,1.005904,0.985389,1.182791,1.002569,1.173242,1.005097,0.851524,1.128905,1.130631,1.067057,1.204321,0.883334,1.136687,0.971413,0.973016,0.967361,1.072636,1.041462,0.780113,0.962367,1.019723,0.96379,1.078749,1.053785,1.083659,1.055498,1.057227,1.091751,0.637418,1.200564,0.99255,0.840252,1.223635,1.076754,0.819834,0.972466,1.016748,0.991394,0.924015,1.041666,0.894188,1.11636,1.011284,1.045681,0.977439,0.868897,1.123334,0.896317,0.935243,1.040342,0.991801,0.800135,1.069827,0.615579,1.058488,0.801947,0.922087,0.799063,0.982968,1.099467,1.102848,1.033479,1.016578,0.987282,0.965032,1.107439,1.009244,0.893552,0.938575,0.90947,0.832989,1.001573,0.809343,0.964069,1.086662,0.807879,0.92444,0.971528,0.43158,0.891254,0.762932,0.727918,0.99378,0.978312,0.972082,1.007245,0.715993,0.681219,0.804911,0.89607,0.798821,1.105732,1.063174
city022_087,1.093074,1.039872,1.003835,1.011607,1.025666,1.127896,0.925987,0.84778,1.080336,1.112152,1.051905,1.018503,1.173226,0.957169,1.088646,1.183206,0.974313,0.982735,0.961067,1.145931,1.033082,0.852135,1.048914,1.0331,0.972445,1.011165,0.897299,1.063362,0.926735,1.075945,0.885729,0.996031,1.099032,1.077003,1.029441,0.830726,1.164639,0.998443,0.98594,0.969134,0.947668,0.958587,0.962691,1.056886,0.870483,0.969985,1.177793,0.838173,1.169134,1.016292,0.896548,0.89997,0.919092,1.138088,0.978532,1.025084,1.014131,1.170797,0.903798,1.160654,0.845015,1.035452,1.028265,0.992597,0.967656,1.048181,1.118364,1.169417,1.079896,0.844982,0.864859,0.92588,1.13292,1.007801,0.913202,1.023792,0.887232,0.856146,0.855152,0.944545,1.000117,1.072799,0.898573,1.003276,0.972189,0.89906,0.422413,0.896579,0.906595,0.943597,0.927125,0.803687,0.869301,0.827618,0.863543,0.845759,0.930914,0.997045,1.085857,1.136377
city022_088,0.869545,0.841777,0.886295,0.888566,0.948465,1.043414,0.980131,1.096511,1.02881,1.083357,1.009123,1.046129,1.019519,0.927943,1.147667,1.017298,0.970431,1.376145,0.960736,0.857338,0.963528,1.001543,0.819203,0.970706,0.888627,0.939738,0.999191,1.035205,0.955802,0.971563,1.036126,1.150143,1.113165,0.985566,1.033305,0.856949,1.139075,0.972759,0.943408,1.369978,0.987153,0.863527,0.87966,1.002038,0.859493,1.011526,1.015034,0.935122,1.057087,0.930781,0.779835,1.170756,0.981752,1.082272,0.883226,0.898015,0.881607,0.995767,0.946252,1.015278,0.795318,0.96049,0.895241,0.924651,0.9484,0.999403,0.951619,1.197368,1.074387,0.938517,1.098028,1.128914,0.999472,0.935919,0.866804,0.789726,1.081853,0.939978,0.97265,0.921349,0.91036,0.755138,0.953858,0.989122,0.823605,0.841789,0.858223,0.418783,0.77723,0.887148,0.841923,1.080388,1.051513,0.722675,0.852526,0.83542,0.74934,0.866874,1.00216,0.986279
city022_089,0.935982,0.933884,0.973882,1.090198,0.768791,0.956605,0.91908,1.039816,1.007356,1.101816,0.89045,1.052346,1.066332,0.79382,1.113154,1.181764,1.011489,1.049205,0.792574,1.195226,1.075462,0.986822,1.006483,1.021202,1.09319,0.860241,0.893097,0.956519,0.964885,1.096479,1.036028,1.107697,1.15279,1.038887,1.070639,0.809508,1.075756,1.03746,0.940038,1.056141,1.019299,0.86885,0.971093,1.099113,0.926662,0.91172,0.981826,0.744878,0.982892,0.973207,0.931073,1.054615,0.866596,1.113626,0.942254,0.851769,0.99655,1.103341,0.786547,1.074147,0.784958,1.141226,0.849117,0.90602,0.895287,1.134378,1.130375,1.170869,1.089913,1.071464,0.987946,0.99006,1.063588,0.904736,0.900472,0.940777,1.027178,0.930154,0.883807,0.926998,0.959922,1.112518,0.939539,0.934594,1.098152,0.804811,0.921055,0.881414,0.484149,0.928582,0.978926,0.80018,0.895522,0.753761,0.846698,0.856198,0.793681,0.92231,1.037047,1.100453
city022_090,1.17073,0.846766,0.956522,0.758634,1.063239,1.109476,1.073003,1.134072,0.854102,1.362486,1.006807,0.889149,1.083695,0.974508,0.91011,1.067231,0.697754,1.060556,0.999444,1.086566,1.019132,1.092299,0.92365,0.79298,0.859548,1.132899,0.802339,1.112021,0.761521,1.119598,1.24879,1.010381,1.150511,0.998331,0.95307,1.06026,0.849441,0.834982,1.256277,1.231519,1.166637,1.055436,1.221131,0.923325,1.134826,0.736176,0.822597,0.881539,1.012893,1.022414,0.676649,1.204634,1.141979,1.027853,1.064607,0.977799,1.037747,1.167804,0.968039,1.101236,1.009466,1.102571,1.066686,0.920077,0.955529,1.120285,0.828042,1.098468,1.095256,1.150566,1.223547,1.201233,1.004239,1.093821,0.882644,1.061823,1.313629,0.971691,1.037495,1.057746,0.656432,0.960722,1.040848,1.007771,1.005087,1.058638,0.887159,0.964368,0.935829,0.407722,0.66848,1.056997,1.075,0.982608,1.019599,0.818207,0.908383,1.076637,0.694761,1.085362
city022_091,0.966122,0.882621,0.870826,0.676045,1.005217,1.099857,1.008497,1.130732,0.854248,1.193215,0.939218,0.793921,0.942428,1.010823,0.870096,0.953965,0.657737,1.209231,1.103996,0.883392,0.943761,1.040686,0.908997,0.768671,0.716077,1.073139,0.731485,1.163608,0.739743,1.012037,1.137573,0.89856,1.09057,1.039484,0.848194,0.96989,0.938256,0.733855,1.038376,1.332038,1.078099,0.991206,1.121478,0.842633,0.961893,0.678434,0.842834,0.911882,0.858674,0.918189,0.666163,1.257079,1.119666,0.823219,0.935614,0.912923,0.929535,0.941933,0.995643,0.974524,0.963419,0.846159,1.049194,0.959097,1.024114,1.04464,0.823009,0.91241,1.182973,1.027695,1.20269,1.213157,0.793997,1.029449,0.951901,0.903129,1.239767,0.943898,0.961885,1.020487,0.716972,0.925017,0.954903,1.026383,0.876032,1.00731,0.893734,0.868997,0.915587,0.664166,0.520201,1.087769,0.989664,0.77887,1.010086,0.838913,0.911957,1.096827,0.831282,1.044469
city022_092,1.135987,1.296899,1.186643,1.206895,0.969776,1.066928,0.763668,0.953639,1.23053,0.912947,1.116893,1.112716,1.219566,0.913544,1.135347,1.289359,1.210703,0.866453,0.984294,1.372163,1.211676,1.017834,1.276541,1.204027,1.254917,1.070783,1.05462,1.185752,1.155506,1.303637,0.980548,1.270892,1.268304,1.196187,1.277737,0.987302,1.365036,1.180595,1.186449,0.82409,0.788089,1.000733,0.979828,1.276315,0.83932,1.159006,1.255566,0.861947,1.297107,1.200491,1.090308,0.912699,0.83472,1.224654,1.036548,1.0924,0.947474,1.349584,0.909715,1.310832,1.024054,1.341774,0.999735,1.12335,1.004185,1.266169,1.313965,1.296285,1.219242,0.953313,0.628509,0.883856,1.236525,1.013389,1.100673,1.211989,0.889126,1.075113,0.676688,0.990752,1.210914,1.316194,1.121314,1.101832,1.297986,1.067734,0.80629,1.184359,0.906596,1.217928,1.150233,0.41883,0.839203,0.961247,0.988206,1.029081,0.929552,1.166778,1.326996,1.30924
city022_093,1.142359,1.105712,1.094753,1.17147,0.967961,1.125207,0.659433,0.925714,1.11199,1.048908,1.033294,1.14461,1.202585,0.846503,1.223469,1.311212,1.139373,0.783841,0.942639,1.218347,1.184132,0.867206,1.11704,1.15015,1.244794,1.034274,1.072101,1.041024,1.08179,1.175731,0.859039,1.201796,1.183132,1.052474,1.289294,1.074832,1.120756,1.137823,1.236494,0.764926,0.768632,0.945548,0.881667,1.282523,0.835395,1.138255,1.161178,0.851211,1.273157,1.142374,1.004277,0.850386,0.833645,1.204219,1.170249,0.995471,0.870343,1.279537,0.965488,1.226164,1.042681,1.243385,1.100299,0.901952,1.015621,1.203648,1.272033,1.270338,0.984093,0.799533,0.781581,0.720777,1.078638,1.039516,0.866492,1.035403,0.997778,1.047978,0.822211,1.057521,1.07204,1.109583,1.160656,1.084908,1.138937,1.076732,0.783328,1.045802,0.906388,1.073145,1.037758,0.748274,0.407529,0.870617,1.070734,1.043095,0.891641,1.121533,1.051424,1.204859
city022_094,0.896749,0.949799,0.935193,1.033449,0.791029,0.999075,0.879712,0.996322,0.905873,1.135091,0.939539,1.059585,1.133158,0.843921,1.06738,1.197667,1.024626,1.153706,0.885224,1.018538,1.075239,0.988659,0.958799,1.091778,1.019549,0.793543,1.037399,0.891594,0.961975,1.075375,0.905796,1.006418,1.066863,1.02107,1.034193,0.630727,1.123868,0.865224,0.726867,1.147637,0.960596,0.911736,0.952152,0.945816,0.903693,0.962719,1.136762,0.942392,1.168456,0.93627,0.939677,1.014582,0.759387,1.012739,0.941862,0.815278,0.910526,1.00063,0.848255,1.005772,0.660968,0.955158,0.828159,0.953004,0.82486,0.883721,1.085593,1.018475,0.976619,0.869754,1.038425,0.995036,0.926792,0.936664,0.869699,0.860824,0.952042,0.833523,0.878662,0.95964,0.973791,1.041965,1.020076,0.986926,0.996716,0.747648,0.829622,0.844726,0.826122,1.040153,0.906336,0.892836,0.917924,0.447988,0.863226,0.815933,0.795005,0.89285,1.118388,1.037686
city022_095,0.954672,0.987519,0.983674,0.994293,1.037599,1.104205,1.086974,1.04704,1.029103,1.147833,0.949121,1.149809,1.184221,0.944329,1.120201,1.17515,1.085286,1.248661,0.933646,1.082626,1.037935,1.051828,1.002425,1.091371,1.071651,0.929302,0.961751,0.983505,1.012974,1.070768,1.061316,1.11632,1.196996,1.054305,1.089382,0.804405,1.238732,1.004437,0.9613,1.248697,1.066524,0.797245,0.952684,1.009482,0.916718,1.023056,1.138577,0.875948,1.111656,1.024007,1.053894,1.150166,0.988457,1.081983,0.841309,0.967655,0.953143,1.101744,0.762875,1.120149,0.724969,1.129876,0.87573,0.942286,0.975402,1.030761,0.986689,1.065331,1.144761,1.089829,0.988222,1.022693,1.186653,1.001786,0.987986,1.012787,0.852882,0.775664,0.937932,0.720695,1.048478,1.194003,0.82503,0.917727,1.076619,0.805229,0.892102,0.873509,0.862826,1.060554,1.025054,0.939459,1.1042,0.892741,0.4415,0.82536,0.927273,0.895726,1.144618,1.021622
city022_096,1.105,0.767282,0.939591,0.929823,1.068129,0.978365,1.102581,1.057958,0.885204,1.306331,0.996574,1.172103,1.103354,0.925605,1.134915,0.972293,1.049189,1.096846,0.926875,0.972261,0.932257,1.140793,0.868737,1.064123,1.025508,1.007728,0.91578,1.016739,0.907812,1.040439,1.084914,0.97054,0.961648,0.882932,1.094169,0.765915,1.096876,1.016234,1.021472,1.301731,1.013879,0.99445,0.993044,1.034362,1.119138,0.980578,1.145714,0.911006,1.092775,0.846813,0.934457,1.175295,0.996383,1.145753,1.026845,0.884929,1.031882,1.003629,0.879706,0.883652,0.668569,0.947494,0.87813,0.806004,0.939648,0.669788,1.041315,1.091041,1.131345,1.161723,1.214317,1.12414,1.118803,0.90506,0.989439,1.078664,1.016807,0.972925,0.935867,0.999629,1.056301,0.975299,0.99396,0.918774,1.002885,0.948454,0.889758,0.997889,0.960672,0.920536,1.002687,0.986029,1.049958,0.814572,0.888272,0.448787,0.928495,0.979646,1.134475,0.965166
city022_097,0.827238,0.994894,0.849575,0.987735,0.819049,0.835083,0.817235,0.957713,0.994791,0.884305,0.999098,1.144771,0.993746,0.83598,1.196417,1.127959,1.077673,1.060851,0.832593,1.053624,1.026766,0.983959,0.950914,0.930011,1.079523,0.902795,0.998206,1.008158,0.908005,0.965314,0.878602,1.124045,1.10755,0.939633,1.121462,0.972428,1.178803,1.083561,1.008101,0.939384,0.733552,0.708274,0.843723,1.115874,0.725293,1.038401,0.92595,0.856819,1.050837,1.009664,1.028916,0.932496,0.871742,1.084157,0.913577,0.858907,0.730203,1.047397,0.86295,1.035023,0.882391,1.031779,0.869729,0.840123,0.827562,1.098997,1.039392,1.309607,1.103408,0.929817,0.828256,0.929801,1.026468,0.937772,0.871265,0.935914,0.887716,0.942907,0.711849,0.945016,0.989385,1.031634,1.093392,0.996291,1.014517,0.931566,0.849226,0.848306,0.847338,0.906736,0.887114,0.708777,0.878069,0.81555,0.927258,0.911336,0.500951,0.971085,1.010559,1.033227
city022_098,0.916212,0.938198,1.077059,1.046879,0.949788,1.065411,1.058802,1.04801,1.019281,1.222705,1.020808,1.04868,1.100045,0.952134,1.116379,1.088749,1.098893,1.065992,0.986123,0.902866,1.054998,1.102802,1.002441,1.195473,0.992595,0.765367,1.083845,0.912933,1.056827,1.179296,1.0133,1.081458,1.146725,1.159862,0.953199,0.747404,1.327338,1.021102,0.883953,1.30487,1.077354,0.99175,0.957082,0.989595,1.006427,1.018577,1.068229,0.994475,1.070482,0.994121,1.011891,1.183834,1.006626,1.122013,0.855698,1.003881,0.972632,0.99886,0.974787,1.056059,0.749852,1.054614,0.786364,0.941323,0.941011,0.966376,1.078004,1.00135,1.163569,1.052858,1.043844,1.128232,1.175964,0.873499,1.107734,0.977327,1.045619,0.95395,1.06389,0.826436,1.06535,1.063224,0.89431,1.006759,1.078727,0.847894,1.006143,0.878654,0.86703,1.118937,1.091454,1.058382,1.096014,0.868387,0.924091,0.907923,1.026396,0.515646,1.095527,0.775362
city022_099,1.141748,0.879515,0.893514,0.788979,1.078858,1.042523,1.07257,1.128256,0.779439,1.378705,0.945029,0.852994,1.038896,0.928748,0.906303,1.046639,0.747022,1.131701,0.907505,1.081298,1.039903,1.076907,0.918577,0.711321,0.877886,1.088649,0.756979,1.07093,0.7183,1.011948,1.197252,0.936717,1.073393,0.957345,1.008234,1.089519,0.752682,0.876597,1.218807,1.184967,1.089734,0.955982,1.154264,0.922577,1.106176,0.79674,0.677015,0.943283,0.985566,1.03559,0.721282,1.267846,1.112874,0.964801,1.114702,0.965802,1.082778,1.177245,0.967934,1.006746,0.94999,1.092656,1.076444,0.923286,0.884014,1.155103,0.887361,1.023755,1.043612,1.091615,1.231646,1.095321,0.905877,1.007966,0.788969,0.973134,1.26988,0.927658,1.007167,1.063582,0.588297,0.996353,1.026986,1.0426,1.050428,1.074613,0.917825,1.039347,0.960937,0.580749,0.676001,1.088903,1.018381,1.015724,1.076372,0.933674,0.874665,1.030756,0.511867,0.988528
city022_100,0.981733,0.889126,0.890951,0.895059,1.01409,0.966343,1.110088,1.103416,0.949268,1.201335,0.993758,1.060686,0.968993,0.907288,1.084956,0.872585,1.045301,1.107057,0.9452,0.691201,0.904851,1.136491,0.899705,1.00004,0.909473,0.970426,1.000528,0.974058,0.931634,0.871605,1.049268,0.970864,0.941539,0.935628,0.970172,0.998306,1.24547,0.942533,0.997964,1.307994,1.12671,1.056826,0.928892,0.914603,1.040329,0.963966,1.01079,1.023269,0.942818,0.874288,0.885791,1.203554,1.060769,1.124942,0.859129,0.936412,0.955096,0.825787,1.07784,0.810035,0.870909,0.907755,0.851199,0.932032,1.059209,0.78282,0.948542,1.027367,1.271512,1.121643,1.074673,1.156111,1.11889,0.76907,1.167579,1.039313,1.089754,0.998927,0.986665,0.93563,0.981732,0.766519,1.006783,1.053397,1.049823,1.109136,1.100982,0.976848,0.999429,0.906149,0.936768,1.162274,1.05874,0.997968,1.112097,0.906454,0.954393,0.729816,0.93518,0.525873
